f1,f2,f3,f4,f5,label
0.1353135349513987,0.9323104073742424,0.1516690687114106,0.5081619940525149,0.9053031326473032,1
0.765102802389158,0.3720584388675401,0.8566920071218058,0.3749465661810224,0.2984189489756395,1
0.0596902304956665,0.3657164872213928,0.5596147967809233,0.3908015350746251,0.3925860459185741,1
0.1333051486668299,0.913823449487229,0.8351773053184053,0.439445111748898,0.5134626711943684,1
0.8731302263458586,0.8524605774043553,0.927005784711126,0.6738628340425558,0.5902560589470269,1
0.8215169049326696,0.1211993687676616,0.443987372944886,0.0583519160029571,0.6403945675030509,0
0.2094181028096586,0.613290787971441,0.1654266793418151,0.0892001426225364,0.970555363077587,0
0.777121145378315,0.4140177518502086,0.4099498858170404,0.679902776030721,0.524738554414681,1
0.160678397459162,0.8926090999611412,0.925411185509902,0.5625618761876835,0.0163470941369244,1
0.9339579155093672,0.2357941209250164,0.337953266358813,0.9584128389108562,0.0329805816537559,0
0.9790584753259796,0.319776749067723,0.462608747594729,0.945098409669694,0.8492085776727628,1
0.23842226025629,0.9662866744110252,0.6677425075850939,0.9107186533532944,0.916027460269152,1
0.3751507688249585,0.0467558653478639,0.1015986470397252,0.182824341705483,0.7497104889533089,0
0.0816600659981972,0.6108967261389787,0.3193006447389337,0.1729269578847415,0.662980890776247,1
0.4843566165704257,0.9953051251198144,0.0848295944585738,0.0469284725771317,0.1493775522880234,0
0.3162273642746973,0.992019143669114,0.8046587355673085,0.2853219853771858,0.0242869308338228,1
0.5991041063501031,0.6227768672903232,0.8615526118371684,0.9962095700612204,0.9741796460270912,1
0.7692686135496783,0.544886350192538,0.9805235775166528,0.7455195347051603,0.1892659378122779,1
0.8234746403320161,0.5196777363567,0.0961043252353408,0.6414627671890278,0.5399455763445441,1
0.2030492726871868,0.4687746759104847,0.9996813786486232,0.155000188086943,0.742820224679745,1
0.0925547896038149,0.4793162470095408,0.9987330815059192,0.6491905081152424,0.543497145506105,1
0.7073798124796659,0.4205838065435657,0.2976188973771464,0.4959333392898287,0.2709006564041399,1
0.1964091370124465,0.591661912240389,0.7693535235546294,0.4705096997754009,0.425808972144223,1
0.2051926815305212,0.9974724987111776,0.2553977019257785,0.4662479096126325,0.1101983232783647,0
0.5889233460309347,0.9578946572179834,0.5419079233009432,0.6389876628866817,0.3050228985376971,1
0.1541685160932152,0.2871632852576166,0.5866751480093093,0.7246390003486837,0.2776727474669748,1
0.435089706960575,0.1574419793485956,0.6996910615389272,0.8664725176840719,0.0362289559598377,0
0.8825662375561232,0.3406070028425487,0.4143385858364001,0.6054356744818343,0.0067515571828841,1
0.8393643218080353,0.981791327643472,0.1283112463027134,0.8241231006277577,0.8449818265860132,1
0.6613347065034784,0.3708553865730887,0.3633749131194255,0.914909771835622,0.5488882716786332,0
0.6682309455062482,0.1749120029146557,0.051623526959045,0.7156079257185143,0.8632383610303124,0
0.3761447511632841,0.617042607344312,0.8805332717835024,0.6248819695987878,0.3601705414905068,1
0.8006771507491538,0.816213300753174,0.235499481087242,0.6090740777276548,0.3128661074462044,0
0.5763769978483997,0.762629445379898,0.5098749112803626,0.0680418783972794,0.9875002100846244,1
0.2920906913051971,0.697459169819733,0.4039771469220941,0.1561702887894391,0.1123036136598416,0
0.2029017870482782,0.6954106175591332,0.5405002585981941,0.7811833993076993,0.8770561833650266,0
0.997071622455555,0.0445106797080044,0.6449386415753734,0.8582611480849706,0.5214065307484418,1
0.1520767135934965,0.231627210388848,0.9250205452998091,0.5546322579599902,0.4603572485609836,1
0.7221839774279875,0.7493888521287946,0.311236140097981,0.7553633207057545,0.6167696622934338,0
0.7824603410050872,0.4832873876690701,0.1799866403534635,0.8649221008114805,0.232477780315663,0
0.0177988451180265,0.4195840032683864,0.1998034292445376,0.8011383491671203,0.8671122385577628,0
0.1816033317804873,0.9839925388265026,0.7136559510303032,0.0459265989769608,0.9313130802170426,0
0.6426548804301871,0.5051103521489255,0.4593926821333963,0.0169524376134049,0.4715321030117573,1
0.7238481024581982,0.0818804934079182,0.0697907689532492,0.513431298353995,0.9114909543300608,0
0.2032205980547278,0.8625069732740624,0.4838434990416557,0.0408976034646989,0.2503856927745157,0
0.8373258466019609,0.8047232505209098,0.98889189250357,0.8056287239255302,0.9518100740630784,1
0.8344172122711379,0.9605053058282976,0.0336705376238416,0.8438955338808708,0.8732275806709962,1
0.001648328861501,0.2294197199258746,0.7497152996716927,0.5471418573747882,0.6502819411560724,0
0.6359154165813868,0.7550614332096556,0.2175791647971391,0.9139998428933614,0.1991423049340314,0
0.7328293726026157,0.9599660993888028,0.7168000652835029,0.0212259792024586,0.5327163270068855,1
0.6176629596335614,0.492265902290488,0.0176021221891846,0.3498975984930226,0.3507409405275384,0
0.9805451700495326,0.4972871432839603,0.7125857694403275,0.7232154532378482,0.7362909690543066,1
0.1482998089663045,0.338084950910082,0.2081254325007571,0.8922673361385479,0.7771551192105185,0
0.4506973131602222,0.1172046946879918,0.5109259835871163,0.7311154670099843,0.400447058254026,0
0.1233136672944914,0.1778596894006403,0.4218740618816851,0.2591569622562063,0.6280614488717724,1
0.5478375296038924,0.486061086185787,0.7434010837016173,0.7404220125088381,0.8076588327734778,1
0.4492640837465657,0.2430589923990803,0.1225107727312678,0.0160009160291554,0.8962036926228012,0
0.1965088516974031,0.158630984192059,0.750477860069264,0.899171416097489,0.3792231363819369,0
0.736780478590796,0.0335741535173813,0.166740747172295,0.8634513768257944,0.4622795520093875,1
0.9969311103452284,0.3205361008672628,0.4319798967351541,0.6824492547225197,0.0580787386791449,1
0.7438784854892727,0.0837192094746662,0.7580097125471339,0.3992955603688209,0.0297350898150705,1
0.5454701457373857,0.1922325153625129,0.5078641192588447,0.9295859147479276,0.2087895733482335,1
0.9536087350618508,0.5170606269342957,0.1937030713510403,0.8880289406285469,0.1758845048588613,0
0.942866380268432,0.6446966876426221,0.9249288369470609,0.7197799943758488,0.8136017375219406,1
0.1296952980089063,0.6137825307982294,0.6082716971876161,0.3992118571277897,0.627013670600444,0
0.4076615330542085,0.9206158085799973,0.9496177403319872,0.3007454924260213,0.0604370058364232,1
0.9168867890293684,0.7198620288855788,0.5535888022029635,0.4558568354621151,0.0559294927451834,1
0.6624280391977277,0.1962331869390373,0.1489244106104652,0.5098871637396849,0.983361303686265,0
0.5251392432515227,0.0550341628457905,0.3682017259107177,0.397703388678002,0.0773456546616017,0
0.6372479743276946,0.9160154564778806,0.7681132787777444,0.7079551950557502,0.2721386830666638,1
0.5794878694781959,0.3678779947149873,0.7239498456079149,0.9544395157814928,0.7413261241553237,1
0.4761422430075172,0.5094144346855226,0.9849799582247708,0.0644717743061147,0.1478587766849303,1
0.0069743925421315,0.4523011750156795,0.3886156527702653,0.9473647342900472,0.1355286343317503,0
0.5511127287170149,0.3632250862710269,0.1108890321322693,0.6564428239023908,0.9941659546592844,1
0.0583793364172783,0.4728565708110116,0.5772190688959167,0.4269767950503187,0.2357216882105078,0
0.2024921875014075,0.0394722105566682,0.4589185938619318,0.1995103714628201,0.197179552522661,0
0.970772618508926,0.5284719294070809,0.7465591561845228,0.6860285827458208,0.2837023567015962,1
0.6937752211748827,0.0824272056463722,0.2213252637158234,0.8271749713191452,0.2482231380631879,0
0.194742232109039,0.8995088374531452,0.7025941983688716,0.6123416838695829,0.2307357983699568,0
0.0922023615378696,0.7120489133360884,0.8475020581874756,0.4132101939820947,0.4846623338920497,1
0.9077926061306756,0.2342677983023503,0.1071180369722133,0.849136820620376,0.6069475344093356,0
0.9856460350381226,0.4024679641176952,0.2213260607136797,0.9056861816963724,0.6187693538602074,0
0.0072069905078915,0.2196059562245234,0.4266571650736621,0.1367908073524216,0.1726863568421729,0
0.8501502798949795,0.1072846461091191,0.8403268659112526,0.6297841869544314,0.6053026968856688,1
0.7050510161412051,0.4925820433659645,0.642739387222936,0.3490512134932095,0.8768940453273399,1
0.5618553679443419,0.852369278689428,0.5806328807748559,0.4179909370744095,0.8114547962146745,1
0.5494381582573764,0.2306645898833914,0.7457995464235381,0.6886805777152554,0.2488518295124409,0
0.9519106237179678,0.2975437684580984,0.1700053541336162,0.2028848345348948,0.8623513707132519,1
0.1302616945424368,0.9714830836080272,0.0023361455969065,0.2498250863935724,0.2237259088380974,0
0.3143597369111576,0.9561415556768288,0.7150328623505231,0.6851090771843442,0.1843190446424475,0
0.2703827933018651,0.0154862358774232,0.2954784167071664,0.0286686527140181,0.1268753441649854,1
0.6250047850399952,0.9596444267653044,0.4364128687332695,0.0837748249472359,0.6659729876549931,1
0.211372578714002,0.916717860988668,0.5276361211564383,0.9055413571327616,0.7719070096625763,0
0.8028887085557388,0.8649549548918299,0.1331041083713892,0.0878405991466155,0.9251623416416352,0
0.4342062614253501,0.7818864220435818,0.98198740433021,0.8399516569070431,0.8575283648579619,1
0.2377036019936655,0.1797497958337353,0.0222744368974849,0.2593001612700556,0.6294667027292169,0
0.4626256518230625,0.0902245534405339,0.7434685189747954,0.8801416390607758,0.1542923054149647,0
0.9532942486570588,0.7113737022930067,0.5068658251127192,0.3337568713943919,0.9062061638596765,1
0.1769028948799098,0.7416680058513059,0.9136317427847652,0.4244291700281924,0.6331304001990757,1
0.8649677823099585,0.7560574243549449,0.0355676061737791,0.2564152593052602,0.3203849324870527,0
0.64043797082365,0.159700165303895,0.1169758998443158,0.5875199860084764,0.8039371683842771,0
0.0753739697687582,0.8823651388897593,0.0578745896354445,0.3452791206836083,0.639338099034274,0
0.2973234992610958,0.2181123135215324,0.4530791393037068,0.7930438433790236,0.6738197589812499,0
0.6330483562662804,0.0756222914676516,0.6598534368923349,0.7754134851921437,0.3130506218014306,0
0.2679554894862601,0.2644956115660238,0.1463690404268511,0.4511345644777313,0.6997457953324138,0
0.0168400295378429,0.7137389108850726,0.5369077010152598,0.0460348383299994,0.3336177305306812,0
0.4509769158392414,0.257399275900124,0.8320115552911217,0.0692205605235779,0.7730555070442688,0
0.3530200855119012,0.7423771992313514,0.533767004964967,0.6328458911519399,0.4323106668747134,1
0.6393664041666076,0.4774957711052622,0.6151758910864351,0.4317006759414654,0.7659046609808712,0
0.8506615827609362,0.6329446286920215,0.7152332746610744,0.1597201166829732,0.9705233162503452,1
0.9166709632841712,0.4111339861529266,0.7215981630966806,0.2008340981031818,0.9128431921677936,1
0.8608300963796202,0.8425868355827264,0.0207375420024132,0.7663730152406317,0.046137607425196,1
0.1891496657407217,0.0110823854777899,0.1159702142287721,0.8858191098836129,0.2767170969711017,0
0.4026449918739472,0.3885047077765881,0.1089529569033733,0.5391211709444015,0.2537627496894924,0
0.213386163550213,0.9744218494808335,0.8591690581792678,0.9254102231603034,0.8059056903129668,1
0.9309513184497772,0.4241342555894772,0.3051606191381693,0.2656079211327254,0.915711508302602,1
0.4417864692147358,0.7525487869204237,0.7799515258142462,0.6547678800936666,0.6634141679096938,1
0.319469291965015,0.2636563974748673,0.860742053394994,0.7681900378001048,0.0315268088005326,1
0.3324230097444253,0.1556629248933441,0.4834020099941496,0.9001491927744043,0.47460829340228,0
0.5927793594054724,0.2838143874513918,0.1244845889709144,0.7845609395774116,0.8474955338571767,1
0.707982127298623,0.8035012959308024,0.3607497110193156,0.6904017121807869,0.9533873257987538,0
0.2262780365006789,0.1080369908397338,0.6482146639482829,0.8519027033680442,0.0572097886637968,0
0.3271282836010645,0.4243262242660254,0.2086544029057344,0.331481369820322,0.3978246759545116,0
0.3853868063171207,0.5458514582555132,0.8369764593725195,0.4529009698521739,0.917660701170193,1
0.7508228430805804,0.0321699803070077,0.7827146892569299,0.0007149236361894,0.1957886786021292,1
0.1718527967783218,0.7056201602908897,0.9452938028790484,0.909222701168532,0.4768857292493814,1
0.9210005735803768,0.369441719725973,0.3384676774806324,0.1564803187233613,0.4025870751608751,1
0.1479768636967782,0.1082243931668422,0.5580539818782722,0.7524743698535913,0.6448629891082244,0
0.935318337937028,0.2132974746437912,0.6865985658687386,0.5506617465628237,0.7785548765807276,1
0.3455980515634975,0.4003255411855168,0.0865472529807627,0.2239095295498006,0.7322601986286211,0
0.0506774346875297,0.9438888749086678,0.3316074919382866,0.1041087053616928,0.3870434138669665,0
0.0624341011724193,0.7679159309121473,0.3971372884517608,0.8133001781284114,0.8515317972583226,0
0.5670285862999462,0.4136676098087783,0.6126035394419221,0.923310026819654,0.7071418592077207,0
0.7975457665706168,0.9036688850788606,0.6954551739716474,0.3180609787463387,0.1652571437141726,1
0.8518472293539548,0.304783603582262,0.935905405751422,0.2988404246843893,0.725515391181107,1
0.2472702184345503,0.5494126742978654,0.1385566501640941,0.474826253148176,0.597824857323732,0
0.3964395880240198,0.1763399534983826,0.692393213298478,0.5297318556702095,0.5839346913352931,0
0.8715006273087559,0.8430460842769367,0.4135684994335857,0.7891564368991654,0.5064090751495204,1
0.1241385530569119,0.2597745483783872,0.7343473475179362,0.9319595689217146,0.5861181315494338,0
0.0152406304901229,0.570782824914121,0.9254875696880864,0.0388835879565705,0.142076905091359,0
0.5309656391257574,0.1238486168895198,0.6988752207294451,0.6578447129574956,0.5605708035919535,1
0.5043630784325601,0.0132503030812052,0.7762270338153601,0.4565068541105339,0.663156661007906,1
0.221907413186127,0.2027764410149017,0.3340282980140744,0.2697766881888237,0.0955993377014361,0
0.0901381464575004,0.4811153355967691,0.4914607643929036,0.0822384294359976,0.5060624473483296,1
0.8027630584206898,0.37824095360362,0.4355862221181084,0.9452091189285422,0.6825174324061002,1
0.9253034236657228,0.4282274050002931,0.2366705581402497,0.5497974837786852,0.1878642185973844,1
0.1035971150629134,0.9480457321442288,0.9250751189559608,0.2954746941477135,0.813520565139627,1
0.188868737154935,0.0373974784456917,0.7964706056744212,0.7626481504742301,0.4649340113403613,1
0.2445639723467098,0.4809230547513029,0.6340006149995224,0.3669107379470705,0.3300832049288307,0
0.3968664819790379,0.2053024389463366,0.3021000840385838,0.1415676691707168,0.8834759342336443,1
0.3647621233539232,0.5850962924496894,0.6130367996252363,0.3829825551597708,0.9340001086848158,1
0.5934674924780771,0.838869629520627,0.3499944951569567,0.2913594227763689,0.4067963220858173,1
0.9818746776727856,0.0978784392122823,0.9591894482024648,0.2735243222486768,0.3001373793248417,1
0.7692823400147755,0.4949546923904664,0.3642852757446503,0.9123621194311254,0.8091704090024721,1
0.2933112867624067,0.1752807918789376,0.2717868042124922,0.789179729904831,0.721066172594235,0
0.7155148606330737,0.0502479733089323,0.1317814703733041,0.9353087926487336,0.8839574793119679,1
0.4271222701833443,0.2115757653357145,0.7065106739232261,0.9782979739738324,0.8926046584842775,1
0.0212231831582293,0.2259434448502606,0.9277844724698284,0.7000315079952547,0.3240353170497578,0
0.996795127204708,0.9237273064111824,0.1604627387699713,0.3649672740286691,0.0660098504525661,1
0.9819828314969128,0.0021891452883644,0.2674163842374852,0.5084658594542145,0.3934146858994709,1
0.4609559551115676,0.508370119707933,0.1070720848661143,0.4577378239581806,0.3267210211813376,0
0.0073726732723302,0.5084322888855353,0.8396731638576937,0.5368763980137057,0.7976056497593044,0
0.6174793555849605,0.048645942848376,0.4041152254681981,0.7550467283854617,0.7152310401968299,1
0.0774738700318465,0.8650624386838218,0.4618070688821909,0.2617421630365302,0.3672358026635973,0
0.4012097207671655,0.6439522814396421,0.3010991718496314,0.6574583445027982,0.9102051326737604,1
0.3683394936500843,0.7450815386335321,0.9089746742630712,0.5175880213325453,0.4796693631092268,1
0.6544746477500388,0.2866102421297674,0.8873703620102869,0.9467510239685888,0.066855160395031,1
0.4615943936788697,0.3516468615569215,0.763299023440951,0.0281212889270063,0.5498130172135292,1
0.6838488817569754,0.3621250914479291,0.2160713454613684,0.0289605268262793,0.5455220560469601,0
0.510357368639486,0.4641704103273812,0.5261533880296847,0.704260737810185,0.7510043288569982,1
0.1095423774246624,0.3286511496721784,0.8213568123449736,0.403591725303831,0.9896298780578372,1
0.082518723168666,0.6732490102253801,0.3242985613341665,0.6735506924102734,0.6832360558376454,0
0.4629798697890597,0.944421182820148,0.850388650593798,0.9208411417807896,0.1775063003905053,1
0.4091696569033981,0.3733693604986956,0.1438738878225944,0.4735796462069392,0.3442848591550764,1
0.0859181314342805,0.4233364194780414,0.0752916143625703,0.9652324319228368,0.2894575501688196,0
0.2233206414790109,0.1114743819976347,0.8286794417193466,0.6183764634676165,0.4092906705769211,1
0.6868691010506618,0.882472363376906,0.7996464611530881,0.5910348833378555,0.4883225010220241,1
0.0331542897641295,0.9408099878870896,0.5529273174668223,0.6828609770136987,0.5390279403923781,0
0.250076174432423,0.5625788677306708,0.4976587625655637,0.2886034720417127,0.4762582305426243,1
0.948871259342118,0.6628662436103796,0.5432187305167704,0.4589807759737361,0.4869619809514776,1
0.7395053321092386,0.2776938490943044,0.7078128076904735,0.934135583399074,0.4338303352477122,0
0.6890992531764683,0.6206430882149742,0.7290422661494753,0.377755962746321,0.7365212999918637,1
0.9041609749601474,0.4138802450389008,0.7172399903685046,0.7988928783629734,0.6497544750352175,1
0.9738521377535532,0.3515575513893153,0.7570810309604801,0.7839053490730772,0.3119963596568633,1
0.8941865854399705,0.7602440300980081,0.5919797488492557,0.6289629413243777,0.795351649052865,1
0.6162428320047124,0.0125557036533566,0.272969800894429,0.5137775700698447,0.6894224710849086,0
0.4407047495068471,0.8842010098692618,0.0101150150641956,0.4023968597094899,0.2676655924426439,0
0.8738855441214575,0.8611903149116876,0.1644781187465415,0.6380556227447969,0.714649935531957,1
0.715886407577042,0.7374751810086951,0.9362485657323486,0.823570913596894,0.4083769881341366,1
0.7934813995232001,0.2457459047261334,0.0857737450464636,0.1084061144809092,0.9296311305786884,1
0.7383562043780503,0.1726478702935754,0.2780426059435742,0.6334857963271565,0.5108076710189603,0
0.2555251850770235,0.0438245633348692,0.1228272507902398,0.374929672918799,0.5548346450064897,0
0.9717948283818628,0.78983684641082,0.3857412247082508,0.2904731659248981,0.1457123648751446,1
0.1826054259244782,0.1371006107779279,0.4065091475564883,0.4265741744533995,0.2588318272442407,0
0.8068011126181085,0.4763447693368448,0.8062550510243632,0.549238518658929,0.3123082226538476,1
0.8025394144805003,0.2689354822352188,0.2030357949005984,0.458307809480411,0.7221191151261027,1
0.3898970357565071,0.3022002755963343,0.5706799229596528,0.1262394748277611,0.3996225533749431,1
0.8153608078874358,0.8824284948798307,0.4114906013565873,0.0572589374871819,0.0050122986765898,1
0.7954407162127745,0.6486634233511543,0.9213161887720248,0.2456190896838148,0.6286400743079088,1
0.7282471199711282,0.0580493957396789,0.3026718670499096,0.325528368184994,0.271069852151015,0
0.0011229209299942,0.0147839411324445,0.7852310345226827,0.7089120713249765,0.4151691266389627,0
0.6910069600363096,0.7920884093602324,0.3742587248832449,0.5385251836875691,0.1363727387614138,0
0.9127146546234234,0.0808876341429377,0.6500146057618398,0.1888878875645114,0.2062709343602524,1
0.7053265411638269,0.3928745982524011,0.5142733461698304,0.2271632027276691,0.4147500630329597,1
0.0619128527429172,0.9480667638838314,0.2911195300333055,0.6021763680215003,0.583687638287753,0
0.1853644126055497,0.2735728493410633,0.9881367790883924,0.0025981008383236,0.8171435982320532,1
0.2553611593865104,0.5092414276396552,0.9878700942212136,0.8565702076657905,0.379835731904713,1
0.6364912582738128,0.2213061215231857,0.0919716227414286,0.8971036120593071,0.4427399229782474,0
0.222395684628747,0.7768173242216555,0.609470434551668,0.887709242898734,0.2313511677419659,0
0.7502291424238258,0.9835569870539012,0.4873848599314763,0.3706752239999062,0.6077591969984915,1
0.7491678547094697,0.2011847012334818,0.1224896203820931,0.3168288450507537,0.8946010813790194,1
0.9820278700283456,0.8535383467786776,0.1343984103511701,0.8243420305044087,0.1826675803725379,1
0.7273749141374946,0.7051290623418577,0.3519574050237563,0.1826447238243329,0.8952274423425274,0
0.5177904410699384,0.6985095127193356,0.7879305933396252,0.7577012473362401,0.4002489984676137,1
0.9048527166372282,0.9185821309801286,0.0724619155679243,0.9632504275268784,0.966768802029753,0
0.2531094272929308,0.1883783694885763,0.9690837769072675,0.1687386117648418,0.1716006635172738,1
0.0309261499314612,0.5528785442836914,0.9661556033011314,0.2177454599258492,0.2063567189601987,1
0.5488808154647216,0.946590082461126,0.5018097413977718,0.8236031516938566,0.7472896026975878,1
0.1935011846809521,0.4640238468787303,0.4012600036981923,0.4159301320097645,0.5687008585970517,0
0.1584166243456467,0.7921613789873013,0.946180066661628,0.5962555538609634,0.1623660047932156,1
0.6005215454381724,0.177476032344866,0.8795017696106656,0.7253883827785333,0.3230271558273733,1
0.4666419015308496,0.7759138875164024,0.5991618923350633,0.6114225075298182,0.0057852627390287,1
0.2283732768416407,0.7299656115859404,0.3097812808143513,0.2447881054855674,0.2103346106972266,0
0.4820340957062576,0.3513856239049115,0.7295600650625962,0.97194091935788,0.9767502310856692,0
0.2536688156381731,0.9796229438870934,0.0582509818462904,0.1032139949113918,0.4530116084059583,0
0.8384465443608872,0.219369997618479,0.2236357032177093,0.927298325504086,0.6981062175786398,0
0.2916053943389949,0.2903397717281,0.8411180533462771,0.1085171230465582,0.0298090396374379,1
0.3859353384207339,0.2748672231453289,0.2777937451736805,0.6044111979828667,0.2117951338576592,0
0.8702215585373274,0.3976030694721326,0.8092508314883627,0.0093470453096721,0.8134608320768016,1
0.2107116891919438,0.4642119517473375,0.4026288110678017,0.912979588114825,0.2149824990446018,0
0.3258503749704036,0.6722051003994618,0.1682068243686706,0.2882664915006245,0.9749965178013312,0
0.5107140279508525,0.6065975768113495,0.6235521276635612,0.5134827913639349,0.772025530438478,0
0.0769347860944121,0.5662061119008426,0.287267616412829,0.4917073277710194,0.1147085802104226,0
0.0854583914787184,0.6357921414791902,0.2679313460012268,0.2284999877563969,0.9210576967780448,0
0.1816417749476654,0.3780679752896034,0.5369325802227572,0.821598376607838,0.4023269692988921,0
0.5361371958823176,0.5863768142978496,0.0151183961489048,0.3960187976268734,0.8732132552956299,0
0.3921879770644109,0.3236947999688252,0.1362127241368281,0.1738814994064209,0.4079819008517927,0
0.3704690774432947,0.5320439902643342,0.9372406787281206,0.412245900257351,0.0400148822792579,1
0.8081018959137058,0.3967261688357489,0.9228964809649868,0.9747253181601412,0.5347439424286772,1
0.3865783644864297,0.4408350199860715,0.0301716605236617,0.4293615517442537,0.4095701032802071,0
0.6952474248790318,0.9145561362476572,0.337243011233292,0.8972689910695898,0.7370959622317155,1
0.7403806005266607,0.2517172159146301,0.3469468131856371,0.8674696666998779,0.8852763857306992,0
0.4603157704850861,0.8209858320926826,0.3544310242599681,0.5188732288272961,0.2282456338894265,0
0.2534071980243761,0.9546935491948604,0.5175422986577447,0.8129124988786393,0.9541627637237255,1
0.6716524229480023,0.6744335734183627,0.6347216021473668,0.3269307383230757,0.4584497625053413,1
0.6627900395697045,0.3642051998503033,0.852269088021585,0.8375888485099533,0.8424413520217511,1
0.5530928382174035,0.208212307614763,0.181180620624353,0.0820849982867041,0.3520360206001687,0
0.7638124283852886,0.0919587367319931,0.2886173314521008,0.3796661595712038,0.6459780737590187,1
0.1612733558194196,0.0316213572418709,0.5891505818884307,0.2990006681529196,0.8307790144013123,0
0.9263980496724508,0.5610284088130457,0.6803511364439943,0.6048672775627344,0.2254537297047142,1
0.47096631003595,0.8401852970514211,0.5335680093117051,0.00907095209467,0.2110321748535114,1
0.3902027418184565,0.8823512157852387,0.1463414108666212,0.1504969581144148,0.7826017809793366,0
0.6639645440953379,0.9927850883755794,0.5501234339945298,0.5522767422289375,0.5574862994183313,1
0.437448230098967,0.4928027234959257,0.9094861897853675,0.9619856446787228,0.4008595396550759,1
0.877933637534621,0.5081917246294043,0.4291464292081127,0.0710564248265547,0.2321571689163338,1
0.6418061549081419,0.1035068092660876,0.187446687889154,0.5731357277926707,0.6303392043468553,0
0.0762476367266946,0.7072741096243425,0.9701689930567776,0.5903109366465041,0.4636346507020751,1
0.1578939307246365,0.9686217069392036,0.1344714097602009,0.8380053106549095,0.8690646071828758,1
0.7450324118716062,0.4800742693108181,0.7879295021295423,0.1560386442557567,0.1321049323531393,1
0.3276297227006434,0.4828707925823101,0.8460270332908449,0.4207475159817033,0.2832431770232337,1
0.0945968676750775,0.1288526628533234,0.7429815664703147,0.3791672026405701,0.85407051710092,1
0.2226377718565655,0.317976775492805,0.8833127529577207,0.371956280095602,0.6926484198600268,0
0.8345553418852576,0.4038573787199045,0.3872747922074083,0.4099421312047133,0.1106676934252766,0
0.9765795000635344,0.750410799781822,0.8353967502264107,0.3054115749494724,0.3956219183841498,1
0.654900584420848,0.907412567258748,0.3880328422403831,0.9435773453381302,0.6635656153793699,0
0.8917506523105854,0.7087980297228266,0.945946671307604,0.7114225208671386,0.5948458445253789,1
0.3441102735707881,0.8189141193550559,0.3574767166289313,0.9755370118128674,0.0286842315951524,1
0.7358254564037165,0.0096112453395872,0.580370199932605,0.7931751186457563,0.6118745771101072,0
0.1823959729076582,0.7996272139426192,0.419914659926462,0.2022639536194755,0.4388586102939672,1
0.2032132649498577,0.8306540303607098,0.8223409495625715,0.6935607421485169,0.8749872933549787,1
0.7674157149276769,0.8759842368069781,0.4235298417917644,0.7044624306277607,0.3317746095038636,1
0.952306853953117,0.7318416809223157,0.2743726170759211,0.4738262155230901,0.2255997021127638,1
0.2978300022612078,0.7265520057017729,0.3173943925694642,0.4028818474393832,0.6611970147574266,0
0.2551445273735027,0.42911933218665,0.4731141498280685,0.6865575178139292,0.006866104501301,1
0.0338585547908139,0.5005106521797523,0.8605464506190397,0.9049602900876872,0.990776383556352,1
0.1711368841407925,0.3934569932364027,0.7771542741994474,0.3491211724227644,0.6537157006925377,0
0.406872270132076,0.6466507317135858,0.6311487407774644,0.4080529837682263,0.6864465012050289,1
0.349610879496826,0.8067717225440737,0.3467908822529427,0.865583709547561,0.519438724831427,0
0.4340660774044697,0.4143541921199024,0.9345217057768028,0.6145802177672471,0.3436723710494647,1
0.7271746035096217,0.9321322266724384,0.4583406557502656,0.913120516081954,0.3135901741666367,1
0.40200214122331,0.814719958300202,0.2961422739439947,0.7439376177739468,0.140536721739337,1
0.7747401368725937,0.6820981680024041,0.9723524487665806,0.8149673496020265,0.3475771304810238,1
0.9031672359600288,0.6338429710394964,0.0381692746727851,0.2162275480493127,0.794628472084852,0
0.0732503916282794,0.6532464995541972,0.6987704137384595,0.839760471061463,0.0534047366865783,0
0.0809534346811053,0.404928035259222,0.0978553179730296,0.6182585048628904,0.6994873973235025,0
0.3526431365827267,0.1161697279756645,0.656210292089664,0.7859680943363987,0.1206866833085121,0
0.7593028881871364,0.8666044857964058,0.4029162932557577,0.4351002673719406,0.9542109123920212,1
0.650850520448784,0.787808070095923,0.4467296015112068,0.7916051439684156,0.906579952209434,1
0.8451276571908198,0.5106092286434609,0.8298507066775529,0.4540368143933887,0.7533607274390155,1
0.6035118519248325,0.0298692302751815,0.5785405003843351,0.0278606248089589,0.7008269759624755,0
0.3884733072422295,0.4284168584470961,0.5313308110036813,0.8133499215448546,0.9508285884022356,0
0.7338299987755993,0.7231362385390578,0.1499379078029699,0.7450523642495449,0.0832518509470582,0
0.3608445574710502,0.4986481430346453,0.0374208618318525,0.276914517881285,0.0514309002758748,0
0.5662784878049114,0.6071142910340082,0.2769281750044722,0.7170662878207962,0.5863452867368951,1
0.320798641593299,0.9378891025396782,0.6589977791638203,0.1692173779243949,0.5745603444650775,1
0.7892579216890833,0.7533252814298612,0.8322550057835083,0.3567342962504713,0.5023541201292889,1
0.4359754126043681,0.3589263496714642,0.971123882238236,0.450826635648813,0.4220747618619983,0
0.181223657636309,0.205394187610545,0.7422926553696206,0.843085306648702,0.8180819116960266,1
0.8537569435153044,0.2950015205012539,0.4253036020233646,0.2976902168419391,0.1759364613693665,0
0.3537937124265882,0.7427417622364216,0.4711743794623043,0.5949759267042403,0.5607256966027071,0
0.3900725504308865,0.2986626035240802,0.1692659171550354,0.4161744659014397,0.7530676012017333,0
0.962309742272048,0.3807352583317114,0.5965413021571825,0.5161374319929642,0.3175231649053922,1
0.0702321666278852,0.7621141168788503,0.5989607994826953,0.3998110189818594,0.7221344632343402,0
0.7720711235843352,0.8585533944910936,0.3891830793898135,0.3061847755352457,0.6033887532450817,1
0.1698373452327402,0.7036992103845593,0.2040117581336623,0.6628313101845239,0.4316400647340259,0
0.1040835899237372,0.3082314720218224,0.0505987474713983,0.246415398113572,0.7992057692007976,0
0.8191024725197559,0.8457153671113311,0.4645340607780697,0.4819788356710126,0.3293423177990817,0
0.4789663969231159,0.5183500511264002,0.6706307365794137,0.141964910700022,0.2125458290388163,0
0.0403536004071348,0.7783322501194412,0.3793738746975742,0.2941850723963098,0.7403773703503822,0
0.3778804115643884,0.4663057180614607,0.4113199034588056,0.3119172336282529,0.866413631110669,0
0.9439967832946644,0.5181046927727734,0.2118030118014323,0.7987712247060905,0.314870429817366,0
0.1872914274326695,0.5406338641213244,0.9756247821660524,0.242878111408897,0.2795851801448901,1
0.1763512869562847,0.1102350004244606,0.8792970594461347,0.552971314433416,0.2273799925492796,0
0.7151187917286959,0.8233992508415326,0.5201197268243067,0.6209324347777596,0.5077815064466122,0
0.3908922165946313,0.3560617001979711,0.5092366901119524,0.7639786411165039,0.6996425169173245,0
0.7468773770688543,0.7172566174820324,0.9850810952880074,0.5606812232893486,0.8599088106748801,1
0.5599659353912495,0.4052055306663089,0.3619632478292817,0.6261541323336972,0.5088286448268401,1
0.6656052857110731,0.5068231647855393,0.040002522039226,0.7723711345025035,0.7543668040934038,0
0.615417103630688,0.9664848726453348,0.7860996239656043,0.8744186115633581,0.5710997625051727,1
0.1400996116070043,0.8366100522598147,0.0588370678432196,0.5863271252701502,0.3336877451977302,0
0.6053164189229668,0.3808036692974246,0.2380511829706839,0.8108153217163871,0.9400940970219948,1
0.9568069396995668,0.1856271073409708,0.3981337051467215,0.5886964401611123,0.5905321201876599,0
0.4119848515089714,0.8161120886040474,0.8101910378694617,0.6882010042796023,0.2439069743841544,1
0.497899830433216,0.8754002276626182,0.8114249808632499,0.9328310232221334,0.609659165171757,1
0.2753035490416936,0.7639112254206729,0.4848305325259089,0.3426367420106484,0.9936923480270922,1
0.0257379090879993,0.4186361537168374,0.1428829407984899,0.2545536651053706,0.6393760212652582,0
0.5566336453142442,0.923079013550594,0.9437409076065147,0.8424886384664099,0.2070228231821593,1
0.2996059657890476,0.965650452859034,0.2782670042109626,0.8660136562697678,0.0629571414318723,0
0.734476396921001,0.9582735208365568,0.3952276217509388,0.5118008163319753,0.1480648748201584,1
0.1011450005035993,0.0154785952719833,0.041089012958796,0.0012067333970585,0.3346674446922146,0
0.0648158961089739,0.0960758604150233,0.4538178084108845,0.5903882808667571,0.5867500765658507,0
0.3480144329847076,0.8960488959400692,0.2344979297727386,0.8288954664268706,0.5114885313161629,0
0.6834178994918774,0.401290369575482,0.2766599074013542,0.699369346673962,0.7883368386382397,1
0.2707422880685156,0.6144655012048413,0.6281170048906312,0.785821628981271,0.728952079781503,0
0.7465404518419355,0.9902111070193236,0.0528574390103467,0.0444789729789528,0.213809398348304,1
0.705817873140996,0.0194129651959313,0.9011558478873944,0.4632085342297937,0.8493829732634112,1
0.725860878550722,0.5487751943962078,0.0635228143732632,0.3944831462138817,0.967797222932794,0
0.1233487510207504,0.0866210607404979,0.3483507718531392,0.0432814201484486,0.0809258695451159,0
0.8273355247795934,0.7861730009996836,0.8037390533599393,0.6706801291105912,0.8118173585658257,1
0.4747516262337206,0.5022820019840499,0.9503377491482412,0.7182179922674135,0.913914940066328,1
0.7750678698720782,0.7616101685165406,0.9551972289807188,0.0790944410286383,0.5848469297862735,1
0.804556591109385,0.6660828438753534,0.8876816460319116,0.7013283895477118,0.2967363244192897,1
0.2674321634317632,0.8817420465236286,0.501205096556178,0.6649921697471834,0.1404253052967616,1
0.8936451892423375,0.3514907522792169,0.8250414135366915,0.6697355585295577,0.4672460613130145,1
0.5921845690766036,0.506510120021394,0.675179932127071,0.0065173930809591,0.6433044832144293,1
0.7358698529010486,0.3622116093536253,0.6707094436536402,0.5194071641645102,0.587777099834342,0
0.2445484011244117,0.9709633496152638,0.5030221383114694,0.9997542808768296,0.6701267222069079,1
0.2234355151497277,0.0842090099342846,0.250888319138016,0.7994194273420705,0.8508221343877779,0
0.7411624219880056,0.6676933928121608,0.8596653765265472,0.5121309882836558,0.3423020252132864,1
0.0636519395097705,0.8772010737829942,0.1465861763388453,0.4657223135679093,0.052756338723265,0
0.6431953816716345,0.3778450266708605,0.926192396489257,0.0004438564855485,0.5905947386149536,0
0.8704350242639782,0.0001053725411062,0.18420807526713,0.6772181542716093,0.7993924245327647,1
0.9686619947922972,0.0649250038007227,0.109140318571325,0.0933381693284481,0.7930425469993998,1
0.2143922953110751,0.1176503389346769,0.4966845708751486,0.9808894424219864,0.9066045122683514,0
0.387487342322411,0.0309836578354474,0.8051649665266698,0.0269515918230465,0.169641984936321,1
0.4107587273245215,0.2519461244854185,0.8535851872008277,0.5152568916421938,0.3557097906759953,1
0.1119782045296381,0.7263164760721755,0.208281054927877,0.5618300576926536,0.3561398195920032,0
0.0125952900519511,0.888987673855116,0.9384241544901194,0.914690494593526,0.7481517907995314,1
0.2534747668260456,0.3215640073482249,0.8306437282309475,0.373759979393366,0.6867670760379948,1
0.8546303079812249,0.8414098029734932,0.7830693642892792,0.3875100926134598,0.295942193251655,1
0.5430786913770456,0.057752874543647,0.1238462115278518,0.7490939682681779,0.8627751833783752,0
0.2552527396929875,0.5658155427348872,0.8132833138621315,0.8898481747199202,0.9666024948427282,1
0.1116903091270665,0.5055765367416482,0.8341205992458616,0.9224292594682924,0.4343355451067973,1
0.5320738519709137,0.4150149001731802,0.3807845074066999,0.2742935994362533,0.5369717860489568,1
0.0508221019130312,0.0250477800221693,0.2736672434794142,0.2084418754368278,0.9541559451870446,0
0.4705120065507766,0.7504177728533573,0.8135013849969177,0.919790237272998,0.0918132802871477,0
0.9045003740918266,0.5705877535867216,0.2317850629627554,0.065974575427251,0.1188072769680723,0
0.5341709689223741,0.6418821052408572,0.0681946859842954,0.799279873258351,0.4506230493734422,0
0.9645621872865868,0.7074741869785992,0.9908550173684578,0.6134920174236091,0.2742438262486729,1
0.5099446081862641,0.3384017815401504,0.3378213863309879,0.5811501509620876,0.3750161320757325,0
0.4836863907134672,0.9221070495324994,0.4034300981664879,0.977994579557224,0.4805414696045555,0
0.7492095239094168,0.98040525144331,0.421601889839967,0.1922179492368914,0.0555386343631444,1
0.4639159392042186,0.9035222388142438,0.4109887546126624,0.0295554086756696,0.7592278804811251,1
0.2899967634197392,0.5087998777422118,0.7386201145719039,0.3210919245161963,0.6098463478202125,1
0.8013058473828888,0.3628843314344708,0.0727570150308228,0.0680039084972318,0.1030587929458763,0
0.6075060832455729,0.9101692818685628,0.5085987782972681,0.9687655542673356,0.6919127393081084,1
0.1922606253332117,0.535295830797678,0.5332198624673988,0.7535770976023999,0.9218834084104506,1
0.9864234570462348,0.4422679159526561,0.8832703845557088,0.1357352508493401,0.8829539154129131,1
0.569174201391972,0.9752082098835942,0.3834800168184061,0.9356587478478492,0.4417164667440642,1
0.2607736278245053,0.2467760121064074,0.6685080792123395,0.8149023343139771,0.2778607437218729,0
0.8223726607007646,0.5057764852322965,0.6940776645060661,0.9655788210716136,0.2226722343041897,1
0.3809412219883334,0.5407540774740898,0.4616627742305801,0.2945852258940625,0.4093190727185696,0
0.5405868637504416,0.0728791842566071,0.1491621192693571,0.5631436737525843,0.8559740398622483,0
0.9535659588120982,0.1005430651242257,0.9143896349925462,0.9151870155768038,0.1449091058463396,1
0.682752343155396,0.0228320991374454,0.4312249173818906,0.7506516133208359,0.6542889108353086,0
0.6721227327487986,0.9677768508705794,0.5174893945690568,0.2284456750466843,0.9697612477791806,1
0.3098080062542346,0.6110089856512059,0.1381580437892662,0.95466574260396,0.1764119158904669,0
0.7316508518962328,0.2438936795219384,0.7545418381361989,0.2348982638238,0.5333633823171674,1
0.5577712837157593,0.8628039622130642,0.8234708572312496,0.0848150672691597,0.6295669386054106,1
0.9001933739763862,0.8045811320421726,0.4258544789619881,0.5210952902029475,0.5059702404155138,1
0.9817220694650558,0.4810111977708931,0.7203134341281154,0.2292825977381472,0.0628631198258916,1
0.5876787503534088,0.612556023775388,0.759814742129361,0.5339526897977533,0.1431576704697151,0
0.1398942126704618,0.020930934224091,0.5354869302432514,0.7549440568674748,0.5961527814200251,0
0.4161449535898949,0.8210099738682081,0.2087972136825256,0.429069197542851,0.8005744435697825,1
0.0484036565969803,0.1804708139956182,0.5087694058668255,0.2542101001766815,0.1117415045630875,1
0.067642629818817,0.4266671582044486,0.5030827929979222,0.0650378477668441,0.7859552424703024,0
0.0427122430491092,0.8706653636552543,0.9929666513848544,0.2123430657833254,0.0888005713711371,1
0.8425218430327291,0.1742485539880742,0.5959683984150634,0.6453265180754907,0.571166778919445,0
0.9538562552960336,0.5145601422953026,0.9160915417646652,0.3516292022929873,0.6181918675509843,1
0.3048700183891364,0.1163954634580461,0.6917415028503913,0.842762679153362,0.0863357740917762,0
0.9984267976033712,0.6609767047383436,0.6050099610096632,0.9306439027313076,0.9199424872938424,1
0.1478813154040064,0.6007286210553201,0.896266903235247,0.9386071380678148,0.2351213486506593,1
0.602421586328751,0.5594177174590305,0.1318344013966629,0.1736631053315139,0.2048239723404503,0
0.3021777374270264,0.5228699449992453,0.1485834804185719,0.7140529055434263,0.4335901706554038,0
0.3050506288061893,0.0178507559922787,0.6013235363435617,0.6150611876619226,0.9265458599681946,1
0.6229413438640032,0.6469626652856368,0.8660105231470484,0.5519072009633654,0.0492348929409257,1
0.3224116294069047,0.3185710690553169,0.0018807787796638,0.2206215106559612,0.1602209483974155,0
0.4640465059319547,0.4378916195025321,0.193871170054416,0.4451432070724752,0.3628888256768346,1
0.79437912128066,0.4726812927844978,0.6787758447693754,0.1955300042376878,0.2862672081735844,1
0.1154437085809312,0.4841442918835908,0.4672679088062041,0.7468615714917446,0.408196349730456,0
0.9455051618243748,0.5141045964809491,0.3388376123834942,0.4488031837478711,0.4376687072573288,1
0.2478757612670091,0.2936614097246739,0.8883656921214371,0.0079777600980923,0.1569540903418022,1
0.5272673631020869,0.0208847897024559,0.1834287529966513,0.7370908699870572,0.9922646756187966,0
0.8287855708093506,0.3911742706105889,0.6628645981407222,0.9729465802997064,0.7173880134433303,1
0.378456804733895,0.980040217142856,0.1903148716346127,0.1747587903789725,0.4764943699111235,0
0.0683245787670217,0.2581753051932959,0.0069963351475674,0.8676840129174731,0.7277591264806559,0
0.7795880390284567,0.0257009712992398,0.5038496754112645,0.8625226760646717,0.5116685758072179,1
0.0771563217120512,0.7775829711733411,0.2970373118183139,0.7301932183878019,0.465226862758937,0
0.5147718057877275,0.5364924249435961,0.5890083747101803,0.5773265289359193,0.5852249656925912,0
0.0482550925438212,0.614797923432635,0.4898157406850999,0.3467531368793266,0.998562574683211,0
0.8611368017693017,0.0757973297536478,0.3708039735706118,0.2034611039577714,0.9360219982654608,1
0.1706233944693314,0.5815915213898382,0.0219245383826565,0.0692962283643352,0.8694089308272746,0
0.40114174293681,0.2911516154734063,0.7873805505629036,0.5925137918063111,0.2816384325717054,1
0.1055918475813059,0.0272576389211478,0.0681370475134243,0.9944421527543614,0.2988456513925741,0
0.7710653536884471,0.0224275466430506,0.9082902000033006,0.194312568910995,0.1935353053567733,1
0.556917979445222,0.8015361187954023,0.8124897094987645,0.4928280387626262,0.4457573715899945,1
0.5721966165271504,0.9789007378673028,0.1594842534364271,0.8170028644974164,0.6112882680694663,1
0.7292230664353094,0.2817570046984459,0.6166540619842655,0.6430678221306552,0.4340524493375002,1
0.5870968974183215,0.1369999568992967,0.9384129123413456,0.8729143273902388,0.9495121030013416,1
0.4769489182008987,0.4457234091083928,0.4817598656619407,0.0273532856962835,0.3334809356947541,0
0.4609830662129719,0.0298403932534121,0.2803225683557855,0.4768112269566161,0.5408635931532928,0
0.3836066264155872,0.8417428473409335,0.6090204839395004,0.2530423482871601,0.4819086869506385,0
0.8271113252464627,0.674912572590594,0.1467303978324207,0.250321289666068,0.5306381055412958,1
0.6574484846816939,0.3514706311599048,0.5333502233153147,0.5684287148969697,0.2189021257981629,1
0.2398755042116005,0.473514745833693,0.2075966128861945,0.954398306849624,0.4350309781218943,0
0.6765356418256401,0.0171990176260717,0.2848950550169496,0.2285952742116048,0.8878519598345932,0
0.4504296292906867,0.6576216078355085,0.0926977748092547,0.695096122820807,0.1382863642538626,0
0.2126124404013131,0.7418680220198992,0.0669261917603103,0.805352300469348,0.0270216346086928,0
0.0595716796927006,0.4988179448027785,0.3337426819468808,0.719738552126148,0.3009104659038449,0
0.0755698596271892,0.2661835629962067,0.5652954882009719,0.4313536545474254,0.9926768836571688,0
0.8819379371719664,0.6481871331670491,0.7420846902409093,0.2065113260895154,0.0217726945765918,1
0.0956281426824066,0.7526940419365228,0.0202770652674419,0.0145918574147305,0.0805154314551896,0
0.3468221031529445,0.6909691977488969,0.537034198813327,0.994555504072671,0.7132877024350767,1
0.9004914028742849,0.22625102969679,0.6833787242313434,0.6383621889687607,0.0170199920427402,1
0.8063929488592487,0.3424507388421861,0.6372313529011671,0.841310743617798,0.4558844127849251,1
0.3618712943790485,0.9947255465623872,0.0513505154861338,0.1484760431176158,0.1219463924936827,1
0.192526606594837,0.1623828241739032,0.754620855569043,0.6705682027117811,0.9350650390008424,0
0.8678686756761047,0.7684350621566459,0.8799191566450285,0.0887834597100832,0.3706990569097314,1
0.9473310546642024,0.2607739945833044,0.4350491146756232,0.3951359743768655,0.3206592475513417,0
0.464690771229495,0.5522149376949631,0.5053985230222199,0.1290114807224092,0.6822900429137915,1
0.987826497016279,0.9690343364815638,0.0915101271022684,0.0053754668966485,0.7102639517819953,0
0.7988115677592332,0.8558606031782129,0.4177786658103124,0.0536134653963309,0.1991316681482747,1
0.7675167515317813,0.9333302994439516,0.281446611986731,0.8024369704389108,0.2233566049710323,1
0.2275080215927688,0.8434665453225295,0.7837152943793367,0.5970375992788456,0.5734228094938553,1
0.5899934280698954,0.0312254176542369,0.7505242350546263,0.2694719513176971,0.0690989158935648,1
0.4317310599662644,0.5592980858861891,0.1137544982223037,0.8695930411412116,0.7995964540105177,0
0.4219633710243194,0.9051007896370846,0.2834059386063035,0.8111243405232643,0.395693369748353,1
0.6730720307358025,0.761557367922711,0.2158288084175728,0.7256429033775342,0.6319272204540054,0
0.7445259276070909,0.3897441757260499,0.212787018899502,0.8330356537931554,0.4957725536639992,1
0.948941066627062,0.9634015955011042,0.6108833745645899,0.3261274141989055,0.9617630117750708,1
0.6159061580728791,0.0903640094684149,0.0508327350764424,0.4692047668976403,0.6317438950515037,0
0.8947261593104795,0.4625299152788739,0.2735656393993311,0.8784172482524789,0.5483387945449149,1
0.8834048235740393,0.707082009182228,0.3881408771300599,0.9923333505529106,0.1920488537659791,0
0.6312783278708849,0.5528860701643524,0.669560840395413,0.858198774569851,0.2765647443967315,1
0.3607811086736868,0.6780328314635334,0.7687417396759637,0.9271711551458224,0.9016315799625216,1
0.7970554796012361,0.3975802327139858,0.9809044822656308,0.3752829301622513,0.6620154895738077,1
0.827486575273324,0.4364274818349114,0.2935152554974441,0.6552428324048992,0.9303185820726748,1
0.9351504714228692,0.5077405923216527,0.8048673604502896,0.8007330425551343,0.5812854664918312,1
0.0819777152523862,0.7111665949626739,0.7415407573024146,0.310648892823539,0.5080381390592833,1
0.6146310666733417,0.1720565501492709,0.9545412051387664,0.2985764153087645,0.1577095095826105,1
0.7579759187993813,0.1429272256760343,0.1114915307929712,0.6277279933421106,0.3012239943120065,1
0.5988445489342482,0.9158985754800184,0.6786791740063368,0.6908509148750264,0.0036766837544427,1
0.587231454711906,0.457181561742443,0.4255964711713879,0.5470248082458523,0.5942624217173534,1
0.7959878563430051,0.624200123091433,0.6338566544430978,0.1898727098015595,0.1696782026288366,1
0.1988992101537533,0.4270617725782022,0.8943725891763854,0.4924484247371891,0.1034538665782792,1
0.2368806520838612,0.3182309268954767,0.8637882075590336,0.8710939699210735,0.8493760606633246,1
0.6068687664566794,0.1196433715967332,0.4761701126734242,0.4486204227099254,0.2811268445912942,1
0.5331700999072436,0.8045986188581421,0.272501031592983,0.3510892569915653,0.1285732443507951,1
0.92968336167285,0.8904130577385477,0.5287313117091147,0.7110620667552129,0.5473131656447546,1
0.038727540618344,0.8559963519650647,0.9317403279311884,0.4164597056475917,0.580145523324762,1
0.254079064327617,0.1567970164467862,0.6198334922196366,0.9565063966099436,0.2046267529866919,0
0.3686578722849445,0.5366476220012891,0.657084499843708,0.7185727086402723,0.5732180023051656,1
0.3968953026991285,0.6640332917478646,0.2498814262662082,0.0937483888854682,0.4158043937942683,1
0.3201233877567856,0.3405355570080245,0.9560901096955025,0.2161357607489182,0.7370952861897712,1
0.3573286987364291,0.0741722019552267,0.0050643962289951,0.3984435348282357,0.4747305405312627,0
0.9382127704405384,0.7107384847677753,0.5910554020812316,0.5731108632582479,0.2779598380406657,1
0.1981103777695544,0.4235853577276124,0.2659951125591447,0.0227524340080212,0.4166998037624061,0
0.866042379995887,0.590736132857195,0.3791019449008398,0.1759079637348948,0.0487583371176291,1
0.4710911832200817,0.2743324906123919,0.2304687478774828,0.9129525917278896,0.9748899606777373,0
0.5682016049757835,0.1966093692933745,0.1698058363855421,0.3928946796238093,0.1623694909994544,0
0.5623015502586164,0.5510096242073148,0.4143396778745992,0.5363166351988192,0.328305963892289,0
0.2482545868746101,0.3804397338347706,0.8269032883610755,0.5470145951187348,0.6894607794540283,1
0.6625126037572597,0.4447751015089108,0.2817261843377583,0.9332547258355388,0.215617629492954,0
0.765349278014882,0.3439418591912824,0.3539632829055275,0.7171596230582976,0.1664762500156408,0
0.9996940294597504,0.702232796214417,0.004928188440109,0.8474861088314737,0.3405518815341987,1
0.2087374736254619,0.7142337222482671,0.1071014721938967,0.4215107758388516,0.6458175429465771,0
0.2175764857286334,0.8243276806833987,0.3223525308115927,0.2742656299314339,0.3418596689132628,0
0.018479275438945,0.3224141563547831,0.4565367763170548,0.7867234961334091,0.6736295987805803,0
0.9603285583864511,0.991006441412602,0.1205583822804159,0.7502744230590837,0.4369757187765,1
0.6040506120693719,0.1331647932552414,0.2051857501083935,0.2387391418161941,0.4057391033729756,0
0.25081386261054395,0.5646778353151013,0.7776113739388949,0.9446954276333095,0.06379245863323124,1
0.3135607531380762,0.06248620691044382,0.36945278274601434,0.3325203172395865,0.10327809325094295,0
0.5749538741006059,0.10052406464194563,0.8016612027971889,0.8333277111759326,0.6756504702860862,1
0.9523452189595415,0.17379791547975165,0.2194221283359462,0.09467065311093903,0.05427725705961994,0
0.6874521921768681,0.14398424075732574,0.005223256846454083,0.008556947933462844,0.5327855150855133,0
0.2333395223567597,0.7850203423390208,0.01862233448224271,0.5989457858809494,0.5544609808023582,0
0.3618944402261641,0.5312956798570165,0.14184102360091433,0.425159180718811,0.705116785886386,0
0.34624774046290296,0.49430863726780905,0.5255019222439299,0.5765424777924009,0.42373854372529585,0
0.11901192863865151,0.6923095109972809,0.004206402119218189,0.18760855489340433,0.7200386219140515,0
0.16996143603081681,0.6311804194136575,0.7009909363827416,0.9045177180095937,0.2717959277662556,1
0.3451656670035147,0.9831448716998633,0.010081200989469852,0.4196508527772428,0.10237064490776326,0
0.027816306777175392,0.8790912246110826,0.8616599606320027,0.1601255839594956,0.7574576767986779,1
0.781438036409296,0.24958155020234019,0.1628191652925891,0.18285054776376342,0.3605508098103266,0
0.20642876209729755,0.8719071675556834,0.49484643239342185,0.5706449079331417,0.512183542754416,0
0.3237982466219457,0.5132184647164432,0.8584468082773566,0.386675147386357,0.06916491851106898,1
0.3796117867162606,0.9810605661234636,0.11327293682754425,0.3645449966318418,0.13055384626196753,0
0.5086822512340201,0.8196856835321963,0.07331780237630958,0.9468111879016015,0.5639942820626108,0
0.9981875896737196,0.6844901706578445,0.2173868762381651,0.566852797738271,0.8845195823124699,1
0.6420419164387294,0.22705238703231911,0.22775400180881888,0.7638681572058088,0.2377456054441902,0
0.6428537064517367,0.9128010888610326,0.41950685567516655,0.017675569796989254,0.23875620101896744,1
0.3390166223931844,0.9484796790026322,0.5558476965282729,0.6459128903526722,0.7781736256051466,1
0.8265504479746947,0.28874497375539054,0.1498383143123171,0.5746167632637929,0.014974543887145919,0
0.8887292649880592,0.1273549420153547,0.8500936609464226,0.10782519357052234,0.475395491177959,1
0.6195442551767664,0.21737782902172564,0.4561547090361242,0.2202581189828544,0.5698115719652728,0
0.8756398507001723,0.15208117282233524,0.34845942833918686,0.5611762733502408,0.8092898145176705,1
0.6682131016684546,0.4416937361349198,0.6621381101883699,0.34898953330865146,0.31360882471336615,1
0.5001876830613017,0.9278532285501925,0.6795443973759824,0.7720018799006105,0.055789855821384515,1
0.0966013134908914,0.14446693482000628,0.23477812325918024,0.4113967614653944,0.7413505105269846,0
0.2880726911603537,0.07816790268789764,0.2635849837919626,0.37707277276673956,0.03875002609342948,0
0.12170250481558298,0.7329804277240639,0.49920214372299876,0.2788715615740309,0.9184855235005459,0
0.9432378404901742,0.8564320290778401,0.9096840335886288,0.33887281939759073,0.16578026019551073,1
0.18661683060376033,0.15901406261649254,0.8218544708293316,0.5756953093334621,0.8792831428786778,0
0.9243074225781512,0.17441888110532877,0.6272756210321048,0.444303081954457,0.340366902851713,1
0.39711470273168226,0.7590142528612083,0.03245607932951933,0.5613365593222166,0.23353873617915089,0
0.9122904063633601,0.6698621150095387,0.9395345374138927,0.41081164746333054,0.9313485535902953,1
0.19050107442990327,0.05352541898051799,0.4809394701549714,0.03453930637756597,0.21570749639010156,0
0.09133235232897663,0.7777651364526594,0.5817630848910634,0.797149689953228,0.2794346847005409,0
0.10771540595096796,0.11394516721670422,0.6273691668550909,0.42819666462836803,0.5539016546056444,0
0.2836763382773143,0.06652244788299089,0.6835647650525452,0.6278651833644094,0.16234088526245705,0
0.3020133037184901,0.5892740455485104,0.696538999094617,0.5706755054679415,0.45473144651263364,1
0.11769570080796532,0.4647832724477523,0.46425174112078504,0.870452147057219,0.07272001916333226,0
0.16071487643309434,0.3664116529967961,0.9428977405528729,0.22756441665196825,0.16263046183891705,1
0.04623011309664293,0.4437596052212949,0.10338706398178432,0.5785813901758922,0.8989746671480849,0
0.12352640386906888,0.35623910689659033,0.0026237284877469458,0.29789385483045794,0.33048943817012566,0
0.8480278155823501,0.37956637751718103,0.31010960683399,0.30703621883061183,0.5628543475779492,0
0.4591553240868119,0.4641804024094077,0.7706664110618989,0.6508876100509492,0.9536532530460731,1
0.19074894987575575,0.2427439840934873,0.391875966395688,0.7729159242139834,0.24555113371587267,0
0.6508059113939212,0.3256094731448894,0.0877286555808805,0.35362707607352584,0.7801609501143716,0
0.5823389531239639,0.050001091852261204,0.5163483211680452,0.853206192618553,0.6133523601140168,0
0.8453079444470268,0.9387179882391666,0.4844364768966378,0.8233933397506062,0.04986434549759333,1
0.6971382267386953,0.25152367622445615,0.9026678333053296,0.9071370889676327,0.6646866144301058,1
0.21330046495097132,0.19322440794162565,0.050456389505964205,0.4320829079761389,0.35758626635784574,0
0.13242060657061483,0.9731899118295662,0.9034899141268333,0.033979078348676306,0.8291459231412484,1
0.9132630700013596,0.38094685780823223,0.635208528403378,0.2423713502500039,0.6609663773048938,1
0.09913776559813692,0.5576863409642588,0.29256121193630613,0.050539914770579175,0.43602492255011815,0
0.2110209110419694,0.738286958474496,0.8373325480473575,0.6492052510808771,0.3232064949616167,1
0.8935870122783395,0.011812802352334284,0.47908519463436616,0.7214324073477103,0.96888760317857,1
0.5475570258275572,0.38646192097836574,0.07852049691414331,0.20795434219591036,0.2106086555839105,0
0.14935475234784423,0.6437855524997977,0.6246927976977671,0.3509179518853912,0.6285123539711375,0
0.028920630197397768,0.9353057843056772,0.9990906240416793,0.874510623735698,0.41484080540268287,1
0.05660273896586265,0.8188090538773904,0.9666339818993228,0.46384557784175406,0.16998491402854987,1
0.2833234222616784,0.5112533274046613,0.9846077703934676,0.46065706898673187,0.9272478232696182,1
0.645963736079501,0.768641801029541,0.8129820524078478,0.44697432250135216,0.9885525981052953,1
0.9303286102560918,0.31324003700919445,0.5899996130437755,0.26079283258483144,0.31755729189342696,1
0.8834799080589811,0.8758873828319228,0.8970530029669539,0.8790741071046937,0.13885061576258206,1
0.567155194196988,0.29143427576195224,0.2543394427806396,0.2721181738167455,0.19197409051628245,0
0.3172972830248688,0.4049034925289696,0.17648732422442392,0.059466584572401504,0.11408046553191586,0
0.35733674535181437,0.24122672558944358,0.10565198089452454,0.10055900190076184,0.25807438191712784,0
0.6595796574487046,0.620902864520778,0.6250445018092466,0.5078131002328463,0.7851999821465437,1
0.5520077568966388,0.2949845141094335,0.09884158088272821,0.7374630746118619,0.5770891650280003,0
0.912342503595286,0.4334206128270208,0.9308823092650313,0.6401479832728231,0.5851178209056578,1
0.3490600458701282,0.4474288159570122,0.6076970235083333,0.9982633777757494,0.9001579840472909,1
0.8289146774515561,0.579207097017538,0.727167040054711,0.8671832541407272,0.2968125497615891,1
0.04552951395071125,0.5933392367790072,0.575022747300829,0.0019984306326373824,0.47447489308322766,0
0.9443731313287638,0.7055132425857881,0.8728445348704764,0.4490960589757953,0.6358489784079548,1
0.6840837811625113,0.6379852302449684,0.9586192965978229,0.6480054882261671,0.9943266416571827,1
0.7421667680683468,0.13675494608723127,0.2091674496035032,0.085448511236763,0.6324268989363806,0
0.30577947217444457,0.12175083261663855,0.7520402982647088,0.2503388354689897,0.13959246320275098,0
0.2506611532454005,0.9280257077712232,0.27944320849220916,0.3579550303331088,0.5173301138475325,0
0.7681782341837678,0.11369415664810256,0.3922675643660335,0.18284687373973552,0.11685929636869552,0
0.9351532462022691,0.07094670132537084,0.22818034063622394,0.022715482685841115,0.8595460401781833,0
0.8373987113646385,0.8615097734393939,0.6613263722818794,0.507449648905837,0.47740210188357324,1
0.5260585580279302,0.5077891785595054,0.4245044172590966,0.16956705809049422,0.5976465701540583,0
0.4524484693559382,0.07046527942983827,0.45049440113636663,0.8320254819775632,0.2573535772290866,0
0.26291100847634874,0.1035453072124276,0.7930838204679979,0.8607025511887397,0.9464314197692524,1
0.5210782753729629,0.38210140264582104,0.2706007510009124,0.2075682941707384,0.8444113194340398,0
0.04115963523599331,0.17492905258445013,0.43049151370601757,0.7186822662434577,0.2397919160932419,0
0.3143072479695044,0.5379685168979178,0.1708359710720062,0.678867281410353,0.018160771428140876,0
0.9897265011661397,0.6632231602569906,0.4600613437311808,0.3812369772343588,0.019695469711375035,1
0.0064899116886113495,0.006385583096648606,0.16268713550446978,0.5593877199260555,0.48649929244667567,0
0.7929469927480154,0.615440513706517,0.15959988536854197,0.8564093609555744,0.5236717877072443,0
0.7442937600622578,0.2741190924439185,0.37836298800363855,0.5945774815037453,0.47748094976185773,0
0.4138903517974065,0.9136312581692471,0.017862271686088782,0.38010366589237177,0.13615635022630945,0
0.8233535431790787,0.46398830400178137,0.2740469044519783,0.298334188669501,0.1204005516879022,0
0.4730687756492701,0.09125792737522431,0.0272113754642459,0.6923074753650211,0.19617676294095054,0
0.8711375210279603,0.12403435959891462,0.4251906018143289,0.20831384477475945,0.4533472330734031,0
0.5805895007754812,0.9352994801663097,0.23455463339322158,0.9905246081447789,0.20606152984069692,1
0.1289215585609188,0.9104080943877861,0.7412879436462795,0.1618088301544024,0.010652593433333135,1
0.9677059372915576,0.10530680096373746,0.36292424690314196,0.2690779749810953,0.1091848591944572,0
0.6288739782967038,0.6301880413307521,0.08559566413068265,0.829692410356533,0.4003158167858081,0
0.7590652284872802,0.6156315470541117,0.7144349593296488,0.42042427168114127,0.2860324822470871,1
0.02640453845389734,0.3119033109290005,0.16251554270672974,0.7560991471324462,0.6416708447241171,0
0.306851035279599,0.29994514375665227,0.09353965287771204,0.4822553398641528,0.7076004816461167,0
0.8042383350895905,0.012485535056045771,0.33754609477881625,0.6570405220211653,0.9653777749978902,0
0.317131944423667,0.5068638292187848,0.16721483810690074,0.11679041818611047,0.06641453803454977,0
0.5062875994631508,0.40443355291914596,0.9562703894129723,0.8936340916288015,0.31522683328167533,1
0.4994311497593711,0.1291766943053394,0.9526577942730211,0.7092926251124931,0.46992827923266867,1
0.9481583098015505,0.8166232128074637,0.011331159222822351,0.061050297070772364,0.5830964871949598,0
0.37630466162520426,0.5597630521705839,0.876241873222635,0.8834867262670923,0.010749498440749461,1
0.3288302049078051,0.7954228762332721,0.14660950856890154,0.46640550946988923,0.28710955285959494,0
0.45178355952655536,0.044483788132504976,0.3131059354335959,0.3867354161217268,0.7114262445709194,0
0.7623800165077723,0.8897530404153967,0.6147139073320715,0.1141195573423266,0.8523653951905122,1
0.5009382786989439,0.4557253213181506,0.7640427649179724,0.2982082860862747,0.33414340248150987,1
0.5147930561481364,0.9992114871422253,0.2568450233114472,0.21320753700073491,0.013833276250051485,0
0.9150266183355852,0.24682832785328468,0.5206240958905175,0.9871817468123173,0.6743379677675349,1
0.8612228375073548,0.8052348250116629,0.24317007772689392,0.4518256209806696,0.9701784135002377,1
0.0034664151913694763,0.41237004157593393,0.8912573236581768,0.47840586948581554,0.31050024696474243,0
0.5757841777914792,0.15254268175655195,0.17871204647318895,0.20544240341628062,0.4708383123097766,0
0.4170608295699856,0.5563696824220024,0.3766591802656304,0.5347227541859098,0.5555197389916946,0
0.0679806184402354,0.37197519145913527,0.3634938696274519,0.6183745565249672,0.5500941286501547,0
0.9426476981542787,0.861456291159461,0.932671990663449,0.9377680369312992,0.03483423184510959,1
0.015423830028336472,0.6711522231587348,0.32361187317047313,0.18506185154977872,0.07325605660414891,0
0.43481662712694347,0.3108905293787414,0.5672950026558525,0.10123941047852913,0.1365101709765708,0
0.4847237093993888,0.6083909859320475,0.3490259585114007,0.38952087133077495,0.3728742009717466,0
0.6926189507926777,0.7805378987937487,0.47244618258909,0.18632622637669527,0.8547740556703338,1
0.04989534675445584,0.10873132047898992,0.8245126455534677,0.6033372739148107,0.5338880549843873,0
0.6583903743773448,0.17697238617003497,0.01798974918510332,0.7397792222794918,0.17015830208714522,0
0.36744289617414283,0.4541043494523126,0.8777213373698003,0.9089560325203841,0.6958265994364956,1
0.9783495499469144,0.8824813814438334,0.9667168587588423,0.575113286610136,0.7746455102619803,1
0.8474084408451416,0.26337478097392275,0.016830935903163202,0.03494945813399797,0.9781235240601729,0
0.9739886555534554,0.09506724205961004,0.7057522833583035,0.8604524902774648,0.8223957376604112,1
0.1245169779970664,0.8878190789187383,0.9969251741370719,0.8182015184001822,0.9417505681076355,1
0.542183084138573,0.23159044276479657,0.7544495056635694,0.3960849565280409,0.12935470823585338,1
0.014060882869562419,0.8467944652211049,0.44656445405770373,0.5894172351857743,0.0784046177780795,0
0.5782560244282213,0.643949662552651,0.7331829545731157,0.6175671234424716,0.8034820147536448,1
0.018776169052818648,0.32178056094899843,0.7995716475457644,0.5386074989941265,0.6267873745502877,0
0.2086169248593348,0.645814897322572,0.5371619160495779,0.38486042784003116,0.39902121704581195,0
0.5736557731947175,0.8778232096957569,0.17136733777976176,0.34405364119514337,0.1419798963964417,0
0.7389420693317826,0.055408487619700963,0.8684439581387556,0.3996116295925065,0.46680284469965616,1
0.9498526175676503,0.568247153940588,0.32097926730841764,0.9701200362288157,0.9434099242115779,1
0.0800321357414816,0.9214437085350236,0.5626067320321696,0.3353227017444478,0.44147762105439037,0
0.3637834436148697,0.5591198918460127,0.8325482793188873,0.17120264710298694,0.6610735150872646,1
0.7729359586450947,0.16741446054420772,0.8275036779967011,0.9283820525211827,0.7148711869865043,1
0.5103590054460282,0.9428506379836809,0.0934950588705441,0.10211407120787286,0.3868339883603632,0
0.24583011498889096,0.9668303727066002,0.7735938005353972,0.6871907272305383,0.09114448932681607,1
0.9344694681557075,0.6286446419762085,0.8603940762802793,0.08899452511961614,0.7922849406726702,1
0.2744867080237826,0.6417358488694874,0.632077599687245,0.8271010077282569,0.2232399938887606,1
0.4901220766747252,0.9604953534483084,0.37351100953000294,0.6127981173481466,0.8694970338213064,1
0.7296959329196955,0.3491835215762751,0.6689917581103687,0.13500203938748656,0.27916514956599714,1
0.15063222677476973,0.3794917368649986,0.16990624545956512,0.23693787266927524,0.5429016203474881,0
0.46642038544704134,0.6432528944779019,0.023312042778100728,0.941914023143021,0.019968887537668345,0
0.9804965549641029,0.581385689936034,0.9134946085053747,0.18562849573987106,0.9277584802888518,1
0.3442278477878723,0.2170210444813584,0.7879226572194029,0.4251404665606009,0.5230921782682237,1
0.6536454089199486,0.9888214029978977,0.17205047554329844,0.6655390995720262,0.7919047218219707,1
0.15687070052419516,0.5147217664204574,0.19761036913990626,0.19351953664453403,0.4272368280335027,0
0.7883221309143921,0.013924949451899482,0.1070206119143553,0.9629934767749462,0.7650230944804677,0
0.18438828439446764,0.18821783359217548,0.5080901885554374,0.44526895716569603,0.826970789460062,0
0.9604418537446741,0.9254896613084659,0.886518739172134,0.7605326400810398,0.137467611365806,1
0.08420146913107174,0.39662945451984655,0.39529872829747936,0.5675606888741122,0.8467623733959558,0
0.7750150944285946,0.04494704219424672,0.09366203132487483,0.015023928064168524,0.03694267045414534,0
0.17544057646687494,0.41851342547214543,0.8097057354878308,0.985044929641095,0.596304203457455,1
0.8234288570168935,0.5826918639917197,0.36413789098884275,0.6368482755593597,0.9325952690858692,1
0.6235501512582542,0.8067706116149117,0.9924363844269617,0.16011199098314322,0.46520942809003163,1
0.7332328405447444,0.9194084016113749,0.9450613857162556,0.30344637897503834,0.6697190632015111,1
0.7138907290995862,0.5660466800127897,0.1996482478585755,0.5197445158107267,0.968383950378884,0
0.21901193268631736,0.416483400802089,0.41475731259582205,0.7353262539992881,0.10554811070569825,0
0.9808600314912724,0.7803595990279152,0.7352437330086018,0.7406520023588884,0.7912688414667558,1
0.544164781240388,0.030491520837771402,0.19137176239285847,0.8414098527200813,0.3000379084421837,0
0.18523353588867753,0.8792386689366664,0.9668198790661037,0.30466276722663566,0.9371330820570328,1
0.6331419218533182,0.7720638396967456,0.5186003082634986,0.12479654207046709,0.39249491936745673,1
0.7928947637534872,0.8122298443139879,0.1330049632386897,0.8604967468473251,0.5056119509811557,1
0.4452985106391927,0.050406232719238386,0.39656305732096,0.36953095891985754,0.3422772765291743,0
0.13309557269109396,0.7751925760900092,0.4877406464215589,0.724000212394239,0.5638639943922414,0
0.19827502687203924,0.8613177512760379,0.5708266699906329,0.7613232202131358,0.8228326819791312,1
0.5759057818167681,0.5583962055671455,0.6842535461113591,0.9332925037185045,0.23617823142664596,1
0.22861076017477944,0.18761376084928338,0.2355885016680651,0.05245531410970872,0.9360456832073989,0
0.6246281319669902,0.6773021989817821,0.890992213938694,0.4859029333687124,0.7309580885186071,1
0.4636084317383107,0.18615748781552155,0.2148414201050236,0.1699177488536835,0.22811912343069773,0
0.9967383714713935,0.700250469434535,0.7018053985100692,0.9361815304378216,0.6413847061992651,1
0.8883448532366612,0.5334190021007107,0.7491189685448734,0.023145046495961275,0.23846862697130877,1
0.6731320176199577,0.7837856348887525,0.33471582236776665,0.27515000624458597,0.3622329581635282,1
0.7976705920762367,0.9959309735529148,0.5271236699279589,0.9013494031101328,0.3351680211664271,1
0.540412516977549,0.08097240882320955,0.9925707123455452,0.25071188511381914,0.48255055199747543,1
0.9198297175197562,0.4758058881554278,0.06609578221564238,0.01014451487005441,0.7654082460821805,0
0.5532664236418808,0.7928069346827243,0.14721951079603812,0.06373574420453643,0.9419715132997174,0
0.6158313615009504,0.4742587965459034,0.7473911367382987,0.47531727772951604,0.6392090224908296,1
0.20328892473694893,0.6306439705927392,0.29638670308787085,0.2799600112863311,0.7327741601994996,0
0.3830491403330195,0.1793480611611471,0.15144639069875476,0.8008119667290845,0.6128547657050549,0
0.8493366249617458,0.79531256866382,0.4311350849201543,0.7458814326987765,0.3202212740957867,1
0.2536007499783739,0.868754273582748,0.908080498245661,0.6284820822347018,0.07732484034107245,1
0.4982304451981482,0.4748165656864909,0.6892692401486704,0.5270094225162454,0.717787852364846,1
0.554896981850083,0.794702761622296,0.7535504099834935,0.7174263621841862,0.4398411691284093,1
0.1400808008758896,0.3245583708866234,0.2716626051767487,0.3759459656801859,0.4377424602402179,0
0.048112515684010315,0.4130202787276651,0.7675742544580553,0.9147758146487481,0.20162407461648213,0
0.08453153042723816,0.43196598991257495,0.6440527057819087,0.641574822779199,0.8033543192318227,0
0.20801780360393507,0.5449638201449009,0.396660028547533,0.20677414912941006,0.16298522270310323,0
0.07487825333211173,0.034522687136597896,0.17959759055763758,0.41554125671580644,0.9290867613859403,0
0.6485114499336881,0.28235662252994764,0.08660039026590305,0.3490237780333447,0.9817024477159182,0
0.14080631842645286,0.24306107638228347,0.4566531293029594,0.48526852075799054,0.7021896480064539,0
0.5587877177576829,0.46422222368831834,0.5118138860361746,0.879711190274353,0.7800097359888424,1
0.3944926331458529,0.11236228924299607,0.8243101768464273,0.5929041026905841,0.18814292489909146,1
0.7276888625574577,0.6152952680672182,0.48879144406792485,0.10041367738321372,0.48651950012678136,1
0.7128888523303528,0.84273957224353,0.8113191612694235,0.4708571423285318,0.8514398206022952,1
0.12222357481514212,0.7058346518103469,0.5753051346560264,0.692984429598641,0.9776876923490104,0
0.5120361021732919,0.15009015389429003,0.3321891978729996,0.7341365047829363,0.958293306739751,0
0.7701331243751406,0.004977547161556628,0.283809328341008,0.3043879233324567,0.3159171933760919,0
0.22788950551864628,0.6217220468262424,0.2237019875079831,0.4489330624226475,0.04241019395322854,0
0.5942416428478088,0.3571185938974608,0.521796675045887,0.9518996306633758,0.38332226098153044,1
0.49774074058041773,0.5707311931586877,0.5452394113748465,0.42412771972413577,0.028897447167815504,1
0.31378688867384397,0.7918111032880499,0.2907552592339604,0.10636187673706554,0.04875894260742497,0
0.48532653739122955,0.1851306185492052,0.8804823774482535,0.6853755464098672,0.9094424388510777,1
0.36000101411244123,0.7642385056386576,0.019868542275489842,0.6805062443379499,0.7149334755366028,0
0.375771557130813,0.484579686563001,0.6464035753519111,0.6555597095671182,0.9223390951684116,1
0.4977746355080177,0.13980059540006573,0.25675269679390866,0.09641225406834275,0.35982863508411445,0
0.32753868486431237,0.7321348333962414,0.3819492479939708,0.4715864921205346,0.19841208699535828,0
0.35064790636199983,0.25416009300463904,0.25013860334954385,0.38887776515556716,0.06353625846048938,0
0.6147362347834895,0.07227931731082082,0.06304723454763939,0.10436385040882634,0.37734024210009043,0
0.7362866818870903,0.9119849998074293,0.27457490142131913,0.8462987353860812,0.5906006045081783,1
0.7455443177911473,0.24135559867207979,0.22493482260092512,0.6651194234704094,0.5383572227186405,0
0.33451297718847806,0.15377501888420653,0.9712737481893582,0.43548597920429577,0.5500045579661552,1
0.4660522315723148,0.8107042391718646,0.8607659516103129,0.4364742306799254,0.7011796022546288,1
0.3743869810673389,0.9896309403267227,0.9469588242439377,0.03849836147458574,0.5245959271799914,1
0.7793596647577429,0.7297453527340064,0.47750546892761836,0.31561522749959026,0.919627468110896,1
0.4822442418672581,0.07361009169630739,0.5144631740107974,0.4898646850799936,0.23996999207796765,0
0.7271345371681893,0.6645683419998433,0.6425706054107785,0.5678581265800426,0.08297677726180486,1
0.33535561926561896,0.1544288021041429,0.9177624018774947,0.2718093158401437,0.5166572621700483,1
0.6875719885424698,0.9973380203287102,0.7151413960203733,0.20363676577999634,0.7767236243310138,1
0.46825322611300424,0.2170756086004355,0.54841896045086,0.6263590379587671,0.09509978784818296,0
0.10091296419827178,0.5599051862771525,0.30915733002041845,0.2994133397533276,0.8578719711829108,0
0.027099516543647395,0.47330857869891696,0.3212702783100453,0.8986162708146983,0.8098446353958396,0
0.031650518287107854,0.7503245215166264,0.009533583015139402,0.43548949832950623,0.06724694701282496,0
0.6600397509960676,0.41553941943636497,0.8835984498724684,0.5158016208734895,0.6416711884719389,1
0.4100045752105598,0.5059492992534421,0.9262670824119471,0.40108002611212024,0.9880979191612383,1
0.3160169404228902,0.05793337617219352,0.0070996728825480915,0.351893851939141,0.49537228649667564,0
0.15176005878588572,0.10773899368942375,0.6858486694698751,0.49731492560244606,0.5806955120576963,0
0.3442190332817515,0.11822968847092141,0.5748775912800429,0.27083751492953545,0.12350796932284858,0
0.6644663739637584,0.21506827612022672,0.7785989030351249,0.45950473808020764,0.844786456211296,1
0.0636018076010858,0.5814329180392267,0.16222950155148141,0.7373921176412116,0.8250586462329649,0
0.363373874778285,0.29649773327917284,0.11020481644732849,0.702572657673632,0.2085162058791975,0
0.5678141086371434,0.43681359323559854,0.2625254168148031,0.4841706998603189,0.5734071386978001,0
0.5490985967753919,0.11279146206587476,0.012475429998948573,0.14726368845686355,0.009663561422667444,0
0.4389228285611444,0.19710176209518437,0.9930378400166062,0.10628537889898937,0.9976368386134352,1
0.7544826199535593,0.3051818593319163,0.6149657353792872,0.3581695734047847,0.12392769833587836,1
0.13607024343753715,0.1299834375178196,0.12558808784582787,0.2962959913883251,0.2115751554136721,0
0.9773909232594077,0.03697042406230788,0.32458054368309075,0.2460495764654227,0.07006205427519141,0
0.48036273468935997,0.8677418287708485,0.6273992913711971,0.28341936091455366,0.010077075927544699,1
0.4178497576901089,0.7616163677760316,0.4627356645864581,0.1885796187225861,0.546962226746754,0
0.05455601895759621,0.7359506766571737,0.7287694325436151,0.3099262563693169,0.6692193288678928,1
0.6597299194317441,0.8274283786303998,0.37219180259973494,0.5388877564068786,0.3228387718221446,1
0.5869023560268112,0.693052644571761,0.3171728857360704,0.7175028000635219,0.39859722835043776,0
0.5488064893496264,0.9102659443943593,0.8015532386316802,0.6536602382911328,0.1130709687621434,1
0.5106435933716247,0.6243171696494596,0.7668469535756747,0.5643773517885123,0.5614012837240403,1
0.025804025213846282,0.10373891987107287,0.5298089217726487,0.006062270738222519,0.9459095015981888,0
0.44312930585618415,0.13157353505110636,0.04260145679261196,0.8241739895980295,0.3026628174879379,0
0.9153227158065008,0.908950565084068,0.15701686396902914,0.8712766500759279,0.3982887176695137,1
0.12630532344618273,0.901010778369581,0.9610256812910446,0.9078693065442314,0.2777237427084821,1
0.4717095486596906,0.60815976669261,0.005065273532038117,0.6610456207782887,0.04918218965837118,0
0.16744821504151697,0.41700588999682164,0.9493440035607119,0.845334063416762,0.5248385830073646,1
0.9053232511853769,0.3425104037916996,0.5253424084950135,0.10136871744433762,0.8813952315612883,1
0.30759109642028537,0.9979352623586316,0.34976466870600065,0.377798733481007,0.8218021266620188,0
0.9053142236340833,0.6751842009217534,0.18341514336579934,0.566550533131463,0.03133074227563304,1
0.6038720187087339,0.2758747379223032,0.03583833144064508,0.3379582394010603,0.2767528771807646,0
0.6278014751455523,0.10303361970804159,0.6903713043437005,0.8772020326055272,0.7578571405802109,1
0.3726409178255685,0.15353466192837717,0.6694410296394857,0.9163349751105936,0.338557105457964,0
0.7766942571818579,0.5280870012812976,0.22037739538200074,0.3032862746550873,0.512448795536102,0
0.5870104728626325,0.3018658360589156,0.5838042730194839,0.21770274864379424,0.4484343445496485,1
0.1310834729081437,0.23605808444238963,0.2404487093328338,0.7460780186553795,0.30185200523601363,0
0.7139271883195233,0.6492957353859026,0.4041456492076517,0.6102583137496703,0.3186527149119194,1
0.7799613204037716,0.1130310472133238,0.4308300656915627,0.35243869574488673,0.7968416359177558,0
0.9549215326581567,0.5364062689260237,0.8517783519418097,0.5639939699265906,0.6781232368974578,1
0.021868443377694557,0.938953492842901,0.6740645433605588,0.3744557723818157,0.36246828375179874,1
0.6475989878913102,0.9838575317208322,0.986449930065667,0.5917380849116561,0.09412629426950814,1
0.023038451917329228,0.4234952927772554,0.33978618233774105,0.5732445352479641,0.3886498941298754,0
0.3705429477491672,0.048468945829023946,0.2270082055995758,0.7065295952500277,0.7666828404336224,0
0.7977275446347416,0.10949999685539757,0.38155793725716125,0.9270280496352551,0.28363470265588764,0
0.6620872599960418,0.2358794152139433,0.041378860671885564,0.9846418019693665,0.15642157821169644,0
0.754165536759683,0.7622983202756652,0.609385304994678,0.715686291506996,0.6480279469693438,1
0.5734308005399672,0.39487070851583916,0.8784433163889929,0.6484295600624518,0.88846735763421,1
0.8918581307797583,0.09110635574948067,0.43734554533624037,0.28781145050659873,0.7295887125368076,1
0.6074442803058416,0.9136162552291271,0.9389741208960191,0.7205453170889633,0.40252330801518443,1
0.9363977446460269,0.9676591366306465,0.3391047652468785,0.5700147610344749,0.580989532892822,1
0.4036649712418826,0.8278903316690128,0.6548519663448072,0.3290748854097303,0.4877167833741456,1
0.6923800442714678,0.4292799765994054,0.9357460918789828,0.6715471803513022,0.3809576202414885,1
0.5899771290805029,0.20355269779789587,0.5262977696898978,0.19578243881180912,0.46450911317987387,0
0.7108321331130089,0.06943434593862063,0.21617473845143642,0.8885017377902358,0.2318151571503524,0
0.7153675678317215,0.41758829528126207,0.023079190331619648,0.377113067730412,0.26257745155967827,0
0.8974298075016083,0.2183807069584569,0.07002760858861468,0.6950805703144544,0.36517705655683785,0
0.6108501130737188,0.22830669940854464,0.7417173325800941,0.1113280694146015,0.5651114386684462,1
0.5170829942778175,0.6579724741643865,0.7067170647557405,0.20360066740902838,0.07783145084490384,1
0.17981823244522022,0.4115509241028935,0.08541411682840039,0.7131894504043972,0.9988961501722274,0
0.07256279208995364,0.6362214871011587,0.2337207073563088,0.28650666331566077,0.28075724079736153,0
0.4650512270788746,0.9900150088308072,0.6576193541200722,0.1085111292796942,0.3731323044574102,1
0.7390075695724928,0.558744362986835,0.12290064806152767,0.7978486367385664,0.2309980761528504,0
0.9651957470961241,0.867002689568497,0.22490773228038685,0.7110615908328703,0.09585957747854423,1
0.9998079134256791,0.3321633870460283,0.5215813549086437,0.4862795221383318,0.9829531581084592,1
0.5401603470497263,0.9968400577536194,0.4853331309483805,0.2506569660272002,0.640309178049384,1
0.9969653642422674,0.11372141444520256,0.13221183020581906,0.384057148023774,0.8420794547099864,0
0.5419346140384518,0.46322712352165296,0.46528372031028864,0.6899465959638131,0.9477627038631209,1
0.10148135045491902,0.6586711288942977,0.5051816971521405,0.17421192437745492,0.9677329114045123,0
0.22058045556885142,0.8283712226126008,0.5620861038651935,0.7727191090151417,0.7995184673249486,1
0.6615806073039654,0.6860867821630301,0.6880380998554833,0.02074652406219646,0.9791366290139721,1
0.5403299066840949,0.7494750542210181,0.0989521078599136,0.23446486710525571,0.7595996160609108,0
0.39590979020745665,0.4912318296520086,0.237319755016568,0.1480936663285941,0.8974352579570353,0
0.3066031241224072,0.9887642071213661,0.3107203321290124,0.8067672318371871,0.42256428756255504,0
0.6273911751877007,0.2126094393086284,0.46328889623910574,0.6429276201204586,0.8373348699552579,0
0.03072357309233631,0.5010315820259517,0.01675884735869093,0.8056419563208752,0.4869281136107847,0
0.24246900177116992,0.8262843297955111,0.40752843702243546,0.24719866693700465,0.7409395858170803,0
0.7781411753055766,0.3033218107287833,0.165308374968001,0.31353787004417244,0.07392883485128943,0
0.9854083649266787,0.5216762901969982,0.2581717935299981,0.29684680078961345,0.7446589243513164,1
0.9712544836746159,0.7144584612194392,0.6554675603208971,0.4756450007394023,0.28948960588913186,1
0.09564902760351768,0.48068122921137635,0.2708500530957173,0.3724624844826211,0.778954368445654,0
0.3796881098478374,0.4489605481461042,0.6804016807808756,0.7190825862868971,0.3694745115116643,1
0.10906647744837372,0.6472447464360737,0.9577052782373223,0.7640445542576967,0.44752707231391775,1
0.11726982861427426,0.1266619867444424,0.9043203851860475,0.343055577667302,0.4850349946539174,0
0.9083961757547961,0.2742990601264196,0.28134060646698855,0.8871563515576609,0.3729043614661821,1
0.9303604031762313,0.8780004814072353,0.8519043307144749,0.21658795378135975,0.2924909025085498,1
0.7711615573278847,0.7826083102485585,0.06874334061441634,0.2601008451837181,0.14239959253269618,0
0.714180182732387,0.2335511784780525,0.43376068930704725,0.44222552303224083,0.542354511310619,0
0.2809547137784013,0.43385268050986503,0.44316652837700043,0.518932028483116,0.7776489464035269,0
0.20808443642720276,0.9327602177514118,0.009361866884403769,0.2534498216569494,0.20183498290236723,0
0.842244330820947,0.48313683254913387,0.6889234962415249,0.7369671559286969,0.6466553419121436,1
0.6306638322510154,0.4256786729936971,0.04533223645150852,0.16427592012567638,0.2171573723821567,0
0.7339431303322014,0.030768770125527256,0.36970606753035584,0.9257354392411207,0.06382544948760827,0
0.03932649228988705,0.46595546922429465,0.15095963790962352,0.1532021230574424,0.3987408201493011,0
0.502864164016171,0.47534217316762584,0.4402996284390551,0.5035561896012805,0.16550632318023906,0
0.4274928774067893,0.5885513248200752,0.6128960895929149,0.7793005154386157,0.14860798194894276,1
0.7743138043714903,0.7883087822298058,0.8698855497459106,0.2749650550768258,0.6833579235001711,1
0.7044988458451199,0.3137758894405296,0.6852137742647012,0.45834733929145977,0.03939567667603805,1
0.528222279530118,0.680238564141226,0.002391501768265192,0.9436661902859137,0.17473642148120783,0
0.455361939624219,0.8486967217910232,0.5006047561610728,0.4670403617069274,0.6680608915016313,1
0.5662219735897471,0.5945172120532227,0.021972664761577,0.40110710572378927,0.43016986845739513,0
0.6236838609674594,0.9764162869502837,0.4893047775362185,0.06604768023744445,0.35243411057350316,1
0.3144367750816478,0.06568600558847082,0.7817251871910226,0.7743799365606072,0.3943559078690261,0
0.1190920899819855,0.8871729039651205,0.40688849588124576,0.8254084542025056,0.6057801498044251,0
0.43939729067106514,0.6943743653202119,0.3613451899115373,0.019790091492220996,0.6244416014780599,0
0.6781135213394889,0.44074229478344273,0.34242556169977156,0.7867803077568245,0.07486400963406836,0
0.532546700008522,0.6504429178642716,0.47227838630891295,0.49529312372304,0.28102896137972166,1
0.27942832812266916,0.2978247831478906,0.5569317567725338,0.9521524657876355,0.11883293216231872,0
0.20528570700664517,0.6335811246782542,0.8052853041043478,0.3809848350716639,0.2128837079900079,1
0.36446439366727945,0.7662669147990573,0.13855111356549266,0.8656860478839471,0.5442078811998793,0
0.7600089890564374,0.14086440402905676,0.042112864632805835,0.8297448859634599,0.7124303180586626,0
0.5166712244874929,0.15390445669705188,0.7379892550915214,0.8536094360359545,0.2937362617161292,1
0.29941812411233215,0.3986997900054742,0.0955072812120843,0.5695083541650606,0.1303828984213139,0
0.9619029367850124,0.010030825869980164,0.11990891142642979,0.34092981379618137,0.4740570951467822,0
0.42785157096917537,0.5201576638229763,0.762903002622384,0.19258603292150056,0.33056122940806476,1
0.9264257124495885,0.21301993116580276,0.29405775003067247,0.8963408416526518,0.8288967507431406,1
0.8701197824374642,0.0877351876293353,0.2686577572669122,0.33844999557691924,0.5179619690509527,0
0.030926681619283136,0.02682697229074138,0.27394733387364434,0.4880912732140612,0.43481003809539365,0
0.2865909885341835,0.32869382931197544,0.6622559301746067,0.20929456094884125,0.7536314597950766,0
0.7033254191420064,0.030631368614557952,0.4662001711785091,0.36807514229774274,0.42429321124953634,0
0.8428024012127494,0.7742776188347643,0.4318730639021493,0.5009344789114344,0.0761291638815571,1
0.05475624879594243,0.835018182385367,0.8273028968882075,0.3161963051834713,0.8285733877814656,1
0.9362340604333074,0.5729547405508213,0.6583225036460074,0.36288665891363847,0.44498499214185117,1
0.016711824478389037,0.14075881967543713,0.12822368248447202,0.04585413705625119,0.05169989762613125,0
0.9659719655418008,0.606908635235332,0.19569666026943555,0.29327470047015547,0.25840449021921075,1
0.224665232590322,0.3004490250504567,0.8267991229341077,0.11852135690245058,0.49004909255074924,0
0.3842676267985594,0.5482353995122842,0.22689543630323106,0.2591403451727583,0.39891190271514865,0
0.21872519286466197,0.9327294078922125,0.8927247947937913,0.4515904877871635,0.9640207284201117,1
0.18134375832528327,0.3097004524697964,0.6659794575719442,0.9150647205713907,0.5665537089596575,0
0.21114151191486552,0.46165961648301557,0.04786730727921562,0.17727715725131077,0.0647794535519246,0
0.21315531349589134,0.2100726514465847,0.8535705987780856,0.510141419780043,0.5878806115840939,1
0.7847736582709924,0.6790596616901096,0.7421605689549778,0.17017356544305973,0.08921115552114134,1
0.524981091852842,0.4774116022562216,0.015620172274928734,0.3517273793172726,0.39585724320036064,0
0.4765967592808824,0.04360107077910458,0.3643323847047125,0.4059824185602533,0.46242273066053163,0
0.5494898889186982,0.8967040700413842,0.3676635515293615,0.6098811151973202,0.20226663891568464,1
0.5773584953621153,0.8167081043162663,0.8255361104525549,0.8606320133363515,0.19790228682394762,1
0.09332275236109111,0.5807778586598878,0.3606011473135149,0.20326928507103048,0.3848489622079646,0
0.9864389318641199,0.7522973537270193,0.6226553296819538,0.39395811912887335,0.937351520690629,1
0.16510598531208853,0.7995255232443828,0.6842964484737818,0.6677233090497106,0.30263891753543304,1
0.9392757126637411,0.6379249170836166,0.925862415712821,0.5047362626145172,0.8580829580981766,1
0.679771488952483,0.0598763315140487,0.7362035025669117,0.6523063162567814,0.1301496264062949,1
0.6007171227533289,0.7325818110436437,0.21041804723441948,0.1241755963735337,0.5981981685178261,0
0.5081300282831022,0.3027027987573029,0.5153730470828397,0.4066552450048131,0.647448247113967,0
0.09628193525950002,0.7794203750638691,0.7188785770102135,0.7882768571412103,0.03758672943800978,1
0.3992718503061523,0.5287992748398757,0.07592525211658063,0.13260611564938674,0.7727378954990842,0
0.767664229634355,0.9802329305840373,0.5129611425678047,0.04081067843884667,0.7531038257494684,1
0.37443399200603034,0.9139626762968547,0.21033408542828658,0.18768791070692026,0.9516411145943352,0
0.02204837207358723,0.21015700460409548,0.9773490759107774,0.07491554843264847,0.2399322692751401,0
0.3605098250293258,0.08874983252082091,0.9920760908173321,0.26474382034629496,0.6633645753129048,1
0.8988411155308461,0.21604769609945573,0.6422598648931425,0.877344509619264,0.8839111833549397,1
0.8730150348933883,0.22373007210475815,0.28035909040250706,0.5796959161013018,0.4237206181901134,0
0.021371917417112973,0.694171264776167,0.9636038660150698,0.6518377266899877,0.5015665202085177,1
0.5216554165450648,0.19870288294876848,0.11955467239622675,0.1975278896339897,0.9513191243368655,0
0.8918034949120344,0.06486561440220606,0.6134373127162873,0.8802388468706944,0.9009362096522879,1
0.961525504059248,0.791992014510637,0.49966658333881386,0.05290027308854184,0.35146670970813043,1
0.12789485861656613,0.11373574289324562,0.19687710455280572,0.17277031409842436,0.9943076266748995,0
0.7110766163787852,0.04189148943856347,0.869938963657839,0.3515808893006779,0.7088782255704132,1
0.5231924160581259,0.6374969010738207,0.7143049052268153,0.6652460895155443,0.2291705669016465,1
0.718213176419851,0.0721497692219617,0.8634327160051621,0.5022939046260406,0.41344033052764073,1
0.06765837823242249,0.24739516884258783,0.5415762968078792,0.7449728813958832,0.16005705010774862,0
0.709193893798531,0.9100345169296493,0.8409593445911272,0.6531513952307888,0.5879734119154308,1
0.20079760225454535,0.1601464188690187,0.6841114405556769,0.9015445098921638,0.6065508619725288,0
0.0790119213127215,0.3886181396874864,0.31890157793601337,0.7182103453617187,0.40158568317381715,0
0.5518190737955757,0.03279720287844379,0.5083695721266067,0.45889634754055775,0.16134319720013446,0
0.01695366077113003,0.7075353490779188,0.9850754542049812,0.008265233172744968,0.4916071959372802,1
0.5411812684031084,0.7865196957881155,0.6911400687732039,0.11120597818855504,0.9861679893376055,1
0.07523643624683718,0.2257481913809264,0.4147636617700662,0.9044101675075963,0.6709826076857337,0
0.610970680289868,0.7054020397928168,0.2913066681527474,0.09654048202674725,0.56069223168275,0
0.8810973572556181,0.9426638695555876,0.5608720269142529,0.8738873933462289,0.7806882933718395,1
0.7058915772889045,0.9816586987963964,0.12617663726920703,0.009240192952014281,0.8203833966096457,1
0.7578295785828437,0.5819393305261971,0.7539686285745444,0.05834347272049112,0.612559603718944,1
0.3064696061919078,0.03232704601926939,0.433037125074348,0.2798021508909615,0.12471567258329752,0
0.46999948872642794,0.9664719003750061,0.16496126946921097,0.7944014681897691,0.9659837947824216,0
0.2873545843513665,0.8470741289091945,0.3699472132626941,0.839275047747718,0.42531486085472725,0
0.19554759599686522,0.3747204987770306,0.8879908303751711,0.470347997709347,0.29574870376409623,1
0.7911889777479163,0.9782196921125419,0.718236124665086,0.18219698577946608,0.22859980706194127,1
0.9581067010817617,0.9206446833401053,0.39558178681641154,0.9180291470992723,0.9855106748075307,1
0.38993355541197783,0.13682768772782194,0.9303465408823182,0.6889862077491667,0.11893079340889678,1
0.007084624412212803,0.5520396972014435,0.2680914494107691,0.30017358319428544,0.9337619650286454,0
0.7399873675624364,0.24236543224884943,0.1777224737018248,0.8117484897066409,0.23293681090770868,0
0.3256180353381031,0.16864354314354568,0.12486256258611239,0.35985639522129165,0.3199665077828605,0
0.10525943158885631,0.8891546301688807,0.12156609094000015,0.7511250488910401,0.5124732354957835,0
0.9146056686325617,0.003498492208757309,0.7276349025034392,0.0022599514643555363,0.4211731620620215,1
0.8384148940325331,0.5823789109109017,0.7567390420383749,0.004126318204137114,0.5497486727816465,1
0.12791294120890828,0.0847559106823691,0.5564333996278589,0.516233060310703,0.35086258919845936,0
0.33403858999049696,0.9510534215174962,0.2675715657210428,0.9465418594481476,0.06064252031237849,0
0.7041038374732232,0.8736574146912944,0.8662679800578121,0.2114277435380426,0.07714612532434628,1
0.9899223679489348,0.8776953203409815,0.886824584389212,0.42442899469245887,0.254465947197149,1
0.2810851667946396,0.6625586737967115,0.5242385992646915,0.6866967231586358,0.6173556062480559,0
0.09771653123839807,0.9161309098271531,0.8684115107792281,0.6555606270826397,0.08297995430311356,1
0.44484352579147624,0.0677192731339249,0.9529175446945181,0.20598593480074512,0.08300685092858806,1
0.7152253403987521,0.20017510649323433,0.23620668415726587,0.794829739144625,0.6238228012200636,0
0.9263168224338554,0.47730867684748024,0.5470259236162434,0.41677015277857543,0.08285530364271976,1
0.5340344779259847,0.393557912092493,0.6848546563117761,0.5068413975124482,0.6566156841748428,1
0.9615253440960612,0.4650626869550344,0.5602454520561929,0.4947039552401684,0.9732311882074817,1
0.5424034263023751,0.10007870732317503,0.7512482546316166,0.38231294508529357,0.840100229068928,1
0.01815296093239216,0.9770537111367434,0.47709941046238613,0.3414920756193225,0.3363314406273221,0
0.5940154837199869,0.9205394974417639,0.45684097511875776,0.5702812223574838,0.8354474571685283,1
0.9087194753669663,0.8398765915156615,0.8139179534514686,0.5626045751106687,0.7047356992277811,1
0.7057965669345732,0.23246871344627829,0.7589108277807807,0.11257433156946339,0.03174223606612803,1
0.0967607557397192,0.30607790962207415,0.10545644290861145,0.8920774978798348,0.553996287742461,0
0.2689973946831772,0.3129897132822149,0.6617028749342977,0.5703436280607127,0.8090379196371682,0
0.5979291100041986,0.6263476459168617,0.20773871183725334,0.22261769871972092,0.6021849543376221,0
0.8648481741933475,0.2842469766385618,0.3995251388288612,0.36159883977614315,0.7387320549242052,1
0.4548201435470164,0.6607163672744882,0.10356714590965843,0.5380472964333363,0.2545039176379478,0
0.42527357561209855,0.00013916160368399044,0.4754202460556045,0.2650259714701818,0.9928978736072709,0
0.7381144459968488,0.820694303564011,0.09515019697835014,0.15749353530705257,0.6140750241762719,0
0.20341686147434557,0.9031100073595362,0.3228644139837812,0.7882276981749461,0.8634921573676636,0
0.5710224925969958,0.5541483008372832,0.3098663478139434,0.23170925662870145,0.8578506706985467,0
0.3280383816500221,0.45285382078882574,0.8581470739211118,0.13768622058304314,0.93388427092573,1
0.21575403395750337,0.8353050014579502,0.4089138530575416,0.7942266175751717,0.7554286225451633,0
0.9291323996986041,0.8476127407058566,0.28775722587555375,0.5492196339683008,0.7624180471672461,1
0.6535764931535609,0.18349466241724965,0.17060182845895522,0.5469133060921169,0.10707845194387744,0
0.5938991223001416,0.7785933637639917,0.16584241707449598,0.5245433505707428,0.7001279971025869,0
0.8340588112273274,0.808184729360125,0.29090709867846176,0.7916014432084924,0.0071131177471222,1
0.8705016777343209,0.030528483399849815,0.04153303936292174,0.38349178711119036,0.8516475579089314,0
0.7902422947168293,0.9713519225805587,0.7189311473564843,0.6363068663478999,0.9316007763244237,1
0.20756697772898747,0.45375410029096663,0.46197217572654803,0.5656007742601057,0.04104641636546158,0
0.3328517127369598,0.30878244169720215,0.5376978569727972,0.5935013722535843,0.05046483617880726,0
0.8955224561726192,0.7247435061641803,0.6277617090562542,0.37490037221981165,0.21886049847830402,1
0.10029302270411278,0.9726341101898426,0.7292492355288506,0.07514541683602038,0.39485674613690525,1
0.5072203371754718,0.8974364724398666,0.9703875414532455,0.20074790304377954,0.21264197475725033,1
0.272049253256028,0.609281707853294,0.5958358769622415,0.7754132635578195,0.4123538411981924,1
0.9803506559678452,0.17582901389452044,0.29127791159936656,0.37425936991598163,0.13102265206537744,0
0.09902966867868057,0.25018325661501517,0.6127448725108151,0.04512411797815297,0.5627373052989536,0
0.6681769957607906,0.5771859005366545,0.693918406337057,0.47185204743276354,0.4244570948322246,1
0.6522170811054979,0.48614714878001886,0.5500585647904449,0.9206397156440302,0.9197378045817863,1
0.4339691959403127,0.32264223973307404,0.037002965960650336,0.7774095019810973,0.03316958774354495,0
0.44488723452806767,0.050695814462234035,0.24950271801592339,0.9080287835103373,0.21211475062693974,0
0.20031315120275128,0.13977063983670013,0.8472257996686244,0.9901664432212182,0.7325197074155428,1
0.6255508721083552,0.9518640456459964,0.3681456036846671,0.5008293209991738,0.5549467140518733,1
0.43862873508698885,0.5940441672387342,0.7076348250324004,0.5096348954440165,0.30481899075651375,1
0.6455285956371087,0.26193303098054865,0.7393530906623705,0.4536586887004773,0.3290689340771721,1
0.20000323119377994,0.8982825204027072,0.43014985378468207,0.31806559057437134,0.1484063630950444,0
0.5255408788075455,0.5125685565414667,0.16320768131011765,0.23399830886424633,0.47960205046055815,0
0.5386960496953492,0.21226780778353882,0.4657356593037072,0.03908419508215755,0.06991964828453878,0
0.17811299600850272,0.13904949917864384,0.35957671278847136,0.7407513972330163,0.14692754181397893,0
0.2756212558000828,0.4213509087936692,0.7392386769206226,0.28343142682256484,0.11299969060630277,0
0.8781023327014811,0.38220312872120765,0.5897334793998169,0.3102236224883589,0.08373746512141289,1
0.10327149520663303,0.22089036352749936,0.7696378444430264,0.23880818178113294,0.7313187224728485,0
0.07602577916966036,0.3375805332247841,0.14719253205735006,0.6615547322740323,0.7408281355282399,0
0.39933981404788543,0.46766016320378023,0.8578150107767514,0.20211273946653385,0.6202435848391051,1
0.49058941036177794,0.3791078071312024,0.251231496011009,0.8782301871258368,0.35704161771788834,0
0.2875540645983268,0.7687056097620869,0.5363539950211849,0.7934642954689949,0.15424093560351693,1
0.7812186389642304,0.2741692009170722,0.1298738301320792,0.7250983677254684,0.39760762327971677,0
0.5902443563695863,0.05197596179159114,0.08346991659620584,0.9333624849539636,0.44890673074476484,0
0.5799826902752303,0.998954562781562,0.4393246826351248,0.4069527257703547,0.3527672835581195,1
0.9165901321662802,0.0380156321353351,0.6124958262852938,0.7703937852829003,0.5533792509127673,1
0.057138901632114436,0.9165354700071433,0.05323145419562403,0.9364127484724809,0.32587570123549303,0
0.562108732230188,0.21437653939742374,0.999993107245151,0.5718771190405989,0.2733252159285501,1
0.709223883752942,0.16544187930872023,0.08813634878073495,0.28233820615992145,0.22391832972665582,0
0.6658770886930854,0.5814366405335409,0.18970338158519084,0.0030592889556531055,0.9303153490606977,0
0.6583354913104404,0.5412386939336349,0.4350046213601779,0.13300575450993302,0.20427473280252484,0
0.9803606782337788,0.07429289936426187,0.37860186135018825,0.9179946552257315,0.7330900512788825,1
0.7304364452739877,0.3639165254770488,0.662352330087171,0.2236709396304125,0.12007865590038702,1
0.8507220245336314,0.785062895116277,0.8722956096566631,0.0053613038635840216,0.3122743305835275,1
0.6813952899665353,0.7189143549964678,0.09087381007837225,0.3989718075244385,0.8145660940273249,0
0.7484487081562113,0.7119742427897039,0.6875711803438059,0.5652489111670287,0.16034433742656173,1
0.7379797202808267,0.5429612369897594,0.6930736016737257,0.0503507570621331,0.539558586332992,1
0.010342283482944525,0.06074798016121952,0.0513531014680334,0.6922378709713405,0.5472401096718469,0
0.0027555410110847722,0.3988830633778603,0.9382820160287937,0.9199362035395051,0.15014835241076718,1
0.35532156684212113,0.43349424683829596,0.08061505719512818,0.6638275529740866,0.8521376609606127,0
0.8451920402312588,0.9027170516506171,0.870295806852465,0.426947138108443,0.5588777646960776,1
0.8396561514513442,0.8695500443623279,0.7969370955735188,0.5040501992920541,0.2269231406540173,1
0.9928317643726104,0.9995835524218898,0.755583802509815,0.9310367612077562,0.5611225230586625,1
0.2917114822856398,0.10290329985437763,0.22879566942698204,0.22842857227540625,0.6167800722417981,0
0.5590617946417368,0.11973129219395351,0.18718971020510966,0.08441109744396147,0.6278416526765883,0
0.33276255155881895,0.5873661404431052,0.47858927375536053,0.6820045797967146,0.23794273779088881,0
0.23849959230025553,0.5994354270313372,0.34402013795359887,0.24792164596737643,0.8784681113783803,0
0.04256943637704236,0.8620090412616608,0.5603748309165393,0.6784723803147912,0.02684066738695623,0
